record_id,redcap_repeat_instrument,redcap_repeat_instance,id_complete,filler,title,publication_year,author_industry,authors_cro,country_first_author,country_last_author,competing_interest,publication_title,issn,promoter,funding___1,funding___2,funding___3,funding___4,funding___5,doi,notes_study,paper_complete,og_study,exp_arm_constr,exp_arm_constr_other,exp_arm_select___1,exp_arm_select___2,exp_arm_select___3,exp_arm_select___4,exp_arm_select___5,exp_arm_select_other,phase___1,phase___2,phase___3,phase___4,phase___5,phase_other,population___1,population___2,population___3,population___4,population___5,population___6,pathology,icd10,intervention,atc,platform___1,platform___2,platform___3,platform___4,platform___5,platform_other,platform_nct,platform_eudract,platform_isrctn,platform_nb_other,og_center_number,og_design,justif_sat_def___1,justif_sat_def___2,justif_sat_def___3,justif_sat_def___4,justif_sat_def___5,justif_sat_def_other,og_design_ctrl,og_design_comp___1,og_design_comp___2,og_design_comp___3,og_design_comp___4,og_design_comp___5,og_design_comp___6,og_design_comp___7,og_design_compo_other,og_fu_start,og_fu_start_other,exp_arm_date_crit,notes_exp_arm,experimental_arm_complete,nb_ctrl_comp_ind,nb_rct_cmp_ind,ctrl_source,ctrl_type_source___1,ctrl_type_source___2,ctrl_type_source___3,ctrl_type_source___4,ctrl_type_source___5,ctrl_type_source___6,ctrl_type_source___7,ctrl_type_source_other,ctrl_number_centers,same_center,ctrl_data_type,ctrl_data_type_other,ctrl_units,ctrl_arm_date_crit,ctrl_same_select_crit,ctrl_select_crit___1,ctrl_select_crit___2,ctrl_select_crit___3,ctrl_select_crit___4,ctrl_select_crit___5,ctrl_select_crit___6,ctrl_select_crit_other,ctrl_fu_start_def,ctrl_exp_fu_start_eq,qualif_ctrl___1,qualif_ctrl___2,qualif_ctrl___3,qualif_ctrl___4,qualif_ctrl_other,justif_rwd_def,justif_rwd_def_other,ctrl_ttt_selection_descr,notes_control,control_arm_complete,estimand,estimand_other,endpoint_type,multiplicity,def_prim_endpoint,prim_end_comp,endpoint_categ___1,endpoint_categ___2,endpoint_categ___3,endpoint_categ___4,nsn_justif,nsn_justif_other,alpha,power,nsn_planned_exp,nsn_planned_ctrl,nsn_correct,planned_adj,adj_method,adj_method_other,n_adj_vars,type_adj_vars___1,type_adj_vars___2,type_adj_vars___3,type_adj_vars___4,type_adj_vars_other,justif_adj_vars___1,justif_adj_vars___2,justif_adj_vars___3,justif_adj_vars___4,justif_adj_other,adj_vars_add_justif___1,adj_vars_add_justif___2,adj_vars_add_justif___3,adj_vars_add_justif_other,matching_ratio,matching_method,matching_meth_other,matching_algo___1,matching_algo___2,matching_algo___3,matching_algo___4,matching_algo___5,matching_algo_other,caliper_length,match_replacement,weight_type,weight_type_other,iptw_stab,balance_plan_meth___1,balance_plan_meth___2,balance_plan_meth___3,balance_plan_meth___4,balance_plan_meth___5,balance_plan_meth___6,balance_plan_meth___7,balance_plan_meth_other,smd_thresh,overlap_plan_meth___1,overlap_plan_meth___2,overlap_plan_meth___3,overlap_plan_meth___4,overlap_plan_meth_other,sens_analysis_type___1,sens_analysis_type___2,sens_analysis_type___3,sens_analysis_type___4,sens_analysis_type___5,sens_analysis_type___6,sens_analysis_type___7,sens_analysis_type___8,sens_analysis_type___9,sens_analysis_type___10,sens_analysis_type_other,notes_stat,statistical_methods_indirect_comparison_complete,rwd_descr,rwd_strategies,exp_first_enroll,exp_last_enroll,ctrl_first_enroll,ctrl_last_enroll,med_fu_global,med_fu_exp,med_fu_control,res_consistency,multiplicity_res,n_included_exp,n_included_control,n_included_control_lot,baseline_comp_meth___1,baseline_comp_meth___2,baseline_comp_meth___3,baseline_comp_meth___4,baseline_comp_meth___5,baseline_comp_meth___6,baseline_comp_meth___7,baseline_comp_meth_other,n_naive_exp,n_naive_ctrl,n_naive_ctrl_lot,res_unadjusted,n_match_exp,n_match_ctrl,n_match_ctrl_lot,n_weight_exp,n_weight_ctrl,n_weight_ctrl_lot,number_eff_adj,adj_var_exclu_causes___1,adj_var_exclu_causes___2,adj_var_exclu_causes___3,adj_var_exclu_causes___4,adj_var_exclu_causes___5,adj_var_exclu_causes___6,adj_var_exclu_other,weight_outliers_meth,weight_out_check_meth,balance_check,balance_proof,overlap_check,overlap_proof,balance_meth_where___1,balance_meth_where___2,balance_meth_where___3,res_diff_how,res_diff_how_other,res_diff_adjust,res_pseudo_pop,res_sign_eval,res_sign_eval_prim,res_sign_eval_mult,sign_results,sign_primary_endp,sign_multiple_endp,sens_analyses_sign,bias_discussion,bias_type___1,bias_type___2,bias_type___3,bias_type___4,bias_type___5,bias_type___6,bias_type___7,bias_type___8,bias_type___9,bias_type_other,notes_results,results_complete
1,,,2,MD,"Andexanet alfa versus four-factor prothrombin complex concentrate for the reversal of apixaban- or rivaroxaban-associated intracranial hemorrhage: a propensity score-overlap weighted analysis",2022,1,0,usa,usa,1,"Critical Care (London, England)",1466-609X,"alexion astrazeneca rare disease",0,1,0,0,0,10.1186/s13054-022-04043-8,,2,1,3,,1,0,0,0,0,,0,0,0,1,0,,0,0,0,1,1,0,"intracranial hemorrhage",8B0Z,"andexanet alpha",V03AB38,1,0,0,0,0,,NCT02329327,,,,87,1,0,0,0,1,0,,,0,0,0,0,0,0,0,,3,,1,"annexa-4 study",2,,,,,,,,,,,,,,,,,,,,,,,,,,,,,,,,,,,,,,4,,2,0,"hemostatic effectiveness; 30 day all cause mortality",3,0,0,0,1,3,,,,,,,1,2,,20,0,0,0,1,confounder,0,0,1,0,,0,1,0,,,,,0,0,0,0,0,,,,3,,,0,1,1,0,0,0,0,,0.1,0,0,1,0,,0,0,0,0,0,0,1,0,0,0,"change in outcome assessment for patients with no repeat scan","choix overlap weights car permet de ne pas perdre patients contrairement au PSM (why not iptw??);  cf clintrials pr og study outcomes;  ",2,,,,,,,,,,,,,,,,,,,,,,,,,,,,,,,,,,,,,,,,,,,,,,,,,,,,,,,,,,,,,,,,,,,,,,,,,
1,control_arm,1,,,,,,,,,,,,,,,,,,,,,,,,,,,,,,,,,,,,,,,,,,,,,,,,,,,,,,,,,,,,,,,,,,,,,,,,,,,,,,1,0,1,0,0,1,0,0,0,0,,3,3,1,,1,1,1,0,0,0,0,0,0,,2,,1,0,0,0,,5,,1,,2,,,,,,,,,,,,,,,,,,,,,,,,,,,,,,,,,,,,,,,,,,,,,,,,,,,,,,,,,,,,,,,,,,,,,,,,,,,,,,,,,,,,,,,,,,,,,,,,,,,,,,,,,,,,,,,,,,,,,,,,,,,,,,,,,,,,,,,,,,,,,,,,,,,,,
1,results,1,,,,,,,,,,,,,,,,,,,,,,,,,,,,,,,,,,,,,,,,,,,,,,,,,,,,,,,,,,,,,,,,,,,,,,,,,,,,,,,,,,,,,,,,,,,,,,,,,,,,,,,,,,,,,,,,,,,,,,,,,,,,,,,,,,,,,,,,,,,,,,,,,,,,,,,,,,,,,,,,,,,,,,,,,,,,,,,,,,,,,,,,,,,,,,,1,2,2015,2020,2016,2020,NR,NR,NR,1,,107,95,,1,1,0,0,0,0,0,,,,,4,,,,107,95,,21,0,0,0,1,0,0,,4,,1,1,3,,1,0,0,4,,,1,1,1,2,1,1,2,4,1,1,0,1,1,0,0,0,0,0,,"pas de smd post adj fournis;  bias: unavailable data in control arm and small sample size",2
2,,,2,MD,"Comparative Efficacy of Teclistamab Versus Current Treatments in Real-World Clinical Practice in the Prospective LocoMMotion Study in Patients with Triple-Class-Exposed Relapsed and/or Refractory Multiple Myeloma",2023,1,0,france,spain,1,"Advances in Therapy",1865-8652,janssen,0,1,0,0,0,10.1007/s12325-023-02480-7,,2,1,3,,0,0,0,0,1,"treatment subgroup",1,1,0,0,0,,0,0,0,1,1,0,"multiple myeloma",2A83.Y,teclistamab,L01FX24,1,0,0,0,0,,NCT04557098,,,,51,1,0,0,0,1,0,,,0,0,0,0,0,0,0,,2,,0,MajesTEC-1;,2,,,,,,,,,,,,,,,,,,,,,,,,,,,,,,,,,,,,,,2,,2,0,N/A,1,1,0,0,0,3,,,,,,,1,2,,15,1,0,0,0,,1,0,0,0,,0,1,0,,,,,0,0,0,0,0,,,,2,,,0,1,0,0,0,0,0,,0.2,0,0,1,0,,0,1,0,0,0,0,0,0,0,0,,"virent des variables pronostiques du modele d'analyse car perte de l'equilibre;",2,,,,,,,,,,,,,,,,,,,,,,,,,,,,,,,,,,,,,,,,,,,,,,,,,,,,,,,,,,,,,,,,,,,,,,,,,
2,control_arm,1,,,,,,,,,,,,,,,,,,,,,,,,,,,,,,,,,,,,,,,,,,,,,,,,,,,,,,,,,,,,,,,,,,,,,,,,,,,,,,1,0,1,0,1,0,0,0,0,0,,75,2,1,,1,1,5,0,0,0,0,0,0,,1,1,1,0,0,0,,6,,0,"LocoMMotion ClinicalTrials.gov NCT04035226 == real world non interventional study;",2,,,,,,,,,,,,,,,,,,,,,,,,,,,,,,,,,,,,,,,,,,,,,,,,,,,,,,,,,,,,,,,,,,,,,,,,,,,,,,,,,,,,,,,,,,,,,,,,,,,,,,,,,,,,,,,,,,,,,,,,,,,,,,,,,,,,,,,,,,,,,,,,,,,,,
2,results,1,,,,,,,,,,,,,,,,,,,,,,,,,,,,,,,,,,,,,,,,,,,,,,,,,,,,,,,,,,,,,,,,,,,,,,,,,,,,,,,,,,,,,,,,,,,,,,,,,,,,,,,,,,,,,,,,,,,,,,,,,,,,,,,,,,,,,,,,,,,,,,,,,,,,,,,,,,,,,,,,,,,,,,,,,,,,,,,,,,,,,,,,,,,,,,,1,1,2020,NR,2019,2020,NR,14.1,16.13,1,,165,248,,1,1,0,0,0,0,0,,,,,2,,,,165,248,,15,0,0,0,1,0,0,,4,,1,1,1,1,1,1,0,4,,,1,1,,2,1,,2,5,1,1,1,0,0,0,1,1,0,0,,"relativisent le residual confounding;  no results shown for sensitivity analyses (""did not show a major impact"";  bias: residual confounding non rando design+no recent therapies in rwd cohort and no restriction on ttt types used;  ",2
3,,,2,MD,"Endopeptidase Cleavage of Anti-Glomerular Basement Membrane Antibodies in vivo in Severe Kidney Disease: An Open-Label Phase 2a Study",2022,1,0,sweden,sweden,1,"Journal of the American Society of Nephrology: JASN",1533-3450,"Linkoeping University",1,1,0,0,1,10.1681/ASN.2021111460,,2,1,4,,0,0,0,0,0,,0,1,0,0,0,,0,0,0,1,1,0,"anti glomerular basement membrane disease; kidney failure","MF85; GB6Z",imlifidase,L04AA41,1,1,0,0,0,,NCT03157037,2016-004082-39,,,17,1,0,0,0,1,0,,,0,0,0,0,0,0,0,,3,,0,GOOD-IDES-01,2,,,,,,,,,,,,,,,,,,,,,,,,,,,,,,,,,,,,,,4,,2,0,safety,1,0,0,1,0,1,,0.05,0.93,15,NR,0,0,,,,0,0,0,0,,0,0,0,0,,0,0,0,,,,,0,0,0,0,0,,,,,,,0,0,0,0,0,0,0,,,0,0,0,0,,0,0,0,0,0,1,0,0,0,0,,"nsn method correct? + 2 CDJ + NSN calcule sur kidney survival alors que pas dans les CDJ princ + pas de delta fourni?;  autre cdjp == dialysis independancy at 6 months",2,,,,,,,,,,,,,,,,,,,,,,,,,,,,,,,,,,,,,,,,,,,,,,,,,,,,,,,,,,,,,,,,,,,,,,,,,
3,control_arm,1,,,,,,,,,,,,,,,,,,,,,,,,,,,,,,,,,,,,,,,,,,,,,,,,,,,,,,,,,,,,,,,,,,,,,,,,,,,,,,1,0,1,0,1,0,0,0,0,0,,4,2,1,,1,0,2,0,0,0,0,0,1,"some inclusion criteria lacking for control arm",2,,0,1,0,0,,3,,0,,2,,,,,,,,,,,,,,,,,,,,,,,,,,,,,,,,,,,,,,,,,,,,,,,,,,,,,,,,,,,,,,,,,,,,,,,,,,,,,,,,,,,,,,,,,,,,,,,,,,,,,,,,,,,,,,,,,,,,,,,,,,,,,,,,,,,,,,,,,,,,,,,,,,,,,
3,results,1,,,,,,,,,,,,,,,,,,,,,,,,,,,,,,,,,,,,,,,,,,,,,,,,,,,,,,,,,,,,,,,,,,,,,,,,,,,,,,,,,,,,,,,,,,,,,,,,,,,,,,,,,,,,,,,,,,,,,,,,,,,,,,,,,,,,,,,,,,,,,,,,,,,,,,,,,,,,,,,,,,,,,,,,,,,,,,,,,,,,,,,,,,,,,,,0,,2017,2020,NR,NR,NR,NR,NR,0,,15,50,,1,0,0,0,0,0,0,,15,50,,,,,,,,,,0,0,0,0,0,0,,,,,,,,0,0,0,,,,,1,1,4,1,1,4,,1,1,0,0,0,0,0,0,0,0,,"consistence co primary outcome in methods puis primary outcome defined in results?;  pas de tests stat sur les secondary outcomes;  biais: missing vars in control arm + biais inherent au design  ind comp;",2
4,,,2,MD,"Use of a real-world synthetic control arm for direct comparison of lisocabtagene maraleucel and conventional therapy in relapsed/refractory large B-cell lymphoma",2023,1,0,usa,switzerland,1,"Leukemia & Lymphoma",1029-2403,"bristol myers squibb",0,1,0,0,0,10.1080/10428194.2022.2160200,,2,1,3,,0,0,0,0,1,"LOT selection; physiology",0,0,0,1,0,,0,0,0,1,1,0,"relapse refractory diffuse large B cell lymphoma",2A81,"lisocabtagene maraleucel",L01XL08,1,0,0,0,0,,NCT02631044,,,,14,1,0,0,0,1,0,,,0,0,0,0,0,0,0,,2,,1,"TRANSCEND;  on s'interesse a cohorte sACC donc analyse post hoc;",2,,,,,,,,,,,,,,,,,,,,,,,,,,,,,,,,,,,,,,4,,2,0,"overall response rate",1,1,0,0,0,3,,,,,,,1,2,,11,1,0,0,0,,1,1,0,1,"data analyis",1,0,0,,,,,0,0,0,0,0,,,,1,,1,0,1,0,0,0,0,0,,0.2,0,0,1,0,,1,0,0,0,0,0,0,1,0,0,,"selection modele PS sur fit au lieu de balance??;  LTAC == og cohort + QCC == LTAC meeting transcend eligibility criteria + sACC == QCC with same LTAC LOT distribution + ACC == sACC avec multiple imputation and PSM (sensitivity analyses);  on s'interesse a sACC pr analyse principale;",1,,,,,,,,,,,,,,,,,,,,,,,,,,,,,,,,,,,,,,,,,,,,,,,,,,,,,,,,,,,,,,,,,,,,,,,,,
4,control_arm,1,,,,,,,,,,,,,,,,,,,,,,,,,,,,,,,,,,,,,,,,,,,,,,,,,,,,,,,,,,,,,,,,,,,,,,,,,,,,,,1,0,2,0,0,1,0,0,0,0,,280,2,1,,2,1,1,0,0,0,0,0,0,,1,0,1,0,0,0,,6,,1,"NDS-NHL-001 (dont 11 sites + flatiron et cota RWE database);  QCC == cohorte baseline sACC == creee avec QCC patients ont mm distro de prior LOT que bras exp;",2,,,,,,,,,,,,,,,,,,,,,,,,,,,,,,,,,,,,,,,,,,,,,,,,,,,,,,,,,,,,,,,,,,,,,,,,,,,,,,,,,,,,,,,,,,,,,,,,,,,,,,,,,,,,,,,,,,,,,,,,,,,,,,,,,,,,,,,,,,,,,,,,,,,,,
4,results,1,,,,,,,,,,,,,,,,,,,,,,,,,,,,,,,,,,,,,,,,,,,,,,,,,,,,,,,,,,,,,,,,,,,,,,,,,,,,,,,,,,,,,,,,,,,,,,,,,,,,,,,,,,,,,,,,,,,,,,,,,,,,,,,,,,,,,,,,,,,,,,,,,,,,,,,,,,,,,,,,,,,,,,,,,,,,,,,,,,,,,,,,,,,,,,,1,1,NR,NR,2003,2018,NR,24.0,17.9,1,,257,381,NR,1,1,0,0,0,0,0,,,,,2,,,,257,257,NR,11,0,0,0,1,0,0,,4,,1,1,3,,0,1,0,4,,,1,1,1,2,1,1,2,1,1,1,0,0,1,0,0,0,1,0,,"??sACC LOT matched cohort;  on a results pr patients et non LOTs;  tout est sign sauf DOR mm resultats avec sens an;  biais: unmeasured confounders due to nature of design + exclusion of patients receiving exp ttt from ctrl databases + biais inherents aux RWD",1
5,,,2,MD,"Comparative effectiveness between mosunetuzumab monotherapy clinical trial and real-world data in relapsed/refractory follicular lymphoma in third or subsequent lines of systemic therapy",2023,1,0,usa,usa,1,"Leukemia & Lymphoma",1029-2403,roche,0,1,0,0,0,10.1080/10428194.2023.2262066,,2,1,5,"number of prior LOT",0,0,0,0,0,,1,1,0,0,0,,0,0,0,1,1,0,"relapsed refractory follicular lymphoma",2A80,mosunetuzumab,L01FX25,1,0,0,0,0,,NCT02500407,,,,26,1,0,0,0,1,0,,,0,0,0,0,0,0,0,,3,,0,,2,,,,,,,,,,,,,,,,,,,,,,,,,,,,,,,,,,,,,,2,,2,0,"overall response rate",2,1,0,0,0,3,,,,,,,1,2,,5,1,0,0,0,,0,0,1,0,,0,1,0,,,,,0,0,0,0,0,,,,2,,,0,1,0,0,0,0,0,,0.25,0,0,1,0,,0,0,0,0,0,0,1,1,1,0,"extended fu time in RWD cohort","og study primary endpoint == CR;  reestimation du PS pour chaque analyse?;  certaines vars demos pas inclues dans PS??;  ""Literature suggests a cutoff of up to 0.25"";  sens an: changement choix index line + changement crit incl control == changt crit incl;",2,,,,,,,,,,,,,,,,,,,,,,,,,,,,,,,,,,,,,,,,,,,,,,,,,,,,,,,,,,,,,,,,,,,,,,,,,
5,control_arm,1,,,,,,,,,,,,,,,,,,,,,,,,,,,,,,,,,,,,,,,,,,,,,,,,,,,,,,,,,,,,,,,,,,,,,,,,,,,,,,1,0,1,0,0,1,0,0,0,0,,280,2,1,,2,0,1,0,0,0,0,0,0,,2,,1,0,0,0,,4,"more contemporary comparison",0,"justif rwd previous SAT using historical EC need for contemporary comparison + strengthen interpretation of efficacy data;  flatiron;",2,,,,,,,,,,,,,,,,,,,,,,,,,,,,,,,,,,,,,,,,,,,,,,,,,,,,,,,,,,,,,,,,,,,,,,,,,,,,,,,,,,,,,,,,,,,,,,,,,,,,,,,,,,,,,,,,,,,,,,,,,,,,,,,,,,,,,,,,,,,,,,,,,,,,,
5,results,1,,,,,,,,,,,,,,,,,,,,,,,,,,,,,,,,,,,,,,,,,,,,,,,,,,,,,,,,,,,,,,,,,,,,,,,,,,,,,,,,,,,,,,,,,,,,,,,,,,,,,,,,,,,,,,,,,,,,,,,,,,,,,,,,,,,,,,,,,,,,,,,,,,,,,,,,,,,,,,,,,,,,,,,,,,,,,,,,,,,,,,,,,,,,,,,1,1,NR,NR,NR,NR,NR,18.0,15.0,1,,90,158,NR,1,1,0,0,0,0,0,,,,,4,,,,90,87,NR,5,0,0,1,0,0,0,,4,,1,1,3,,1,1,0,4,,,1,1,2,2,1,2,2,2,1,0,0,1,0,0,0,0,0,0,,"125 RWD evaluable pr reponse et 158 evaluables pour survival outcomes;  RWD ttt regimens described in appendix;  bias: unmeasured confounding due to RWD + small ESS",2
6,,,2,MD,"Amivantamab compared with real-world therapies in patients with advanced non-small cell lung cancer EGFR Exon 20 insertion mutations after platinum-based chemotherapy",2023,1,1,"south korea","south korea",1,"Acta Oncologica (Stockholm, Sweden)",1651-226X,"janssen asia pacific",0,1,0,0,0,10.1080/0284186X.2023.2254479,,2,1,3,,0,0,0,0,1,"number of treatment lines; progression",1,0,0,0,0,,0,0,0,1,1,0,"advanced non small cell lung cancer egfr exon 20 insertion mutation",2C25.0,amivantamab,L01FX18,1,0,0,0,0,,NCT02609776,,,,70,1,0,0,0,1,0,,,0,0,0,0,0,0,0,,2,,1,"og study == CHRYSALIS;",2,,,,,,,,,,,,,,,,,,,,,,,,,,,,,,,,,,,,,,2,,2,0,N/A,3,1,0,0,0,3,,,,,,,1,2,,4,0,0,1,0,,0,0,1,0,,0,1,0,,,,,0,0,0,0,0,,,,2,,,0,1,0,0,0,0,0,,0.1,0,0,1,0,,1,0,0,1,1,0,0,0,0,1,,"sensitivity analysis ctrl index date == first LOT au lieu de hernan;",2,,,,,,,,,,,,,,,,,,,,,,,,,,,,,,,,,,,,,,,,,,,,,,,,,,,,,,,,,,,,,,,,,,,,,,,,,
6,control_arm,1,,,,,,,,,,,,,,,,,,,,,,,,,,,,,,,,,,,,,,,,,,,,,,,,,,,,,,,,,,,,,,,,,,,,,,,,,,,,,,1,0,1,0,1,0,0,0,0,0,,200,2,1,,2,1,2,0,0,0,0,1,0,,1,1,1,0,0,0,,4,"comparison to other population with different prognosis",0,"rwd justif prognostic different chez asians;  LC SCRUMAsia database;  on apprend dans la discussion que certains crit inclusion pas dispos dans lc scrum asia;",2,,,,,,,,,,,,,,,,,,,,,,,,,,,,,,,,,,,,,,,,,,,,,,,,,,,,,,,,,,,,,,,,,,,,,,,,,,,,,,,,,,,,,,,,,,,,,,,,,,,,,,,,,,,,,,,,,,,,,,,,,,,,,,,,,,,,,,,,,,,,,,,,,,,,,
6,results,1,,,,,,,,,,,,,,,,,,,,,,,,,,,,,,,,,,,,,,,,,,,,,,,,,,,,,,,,,,,,,,,,,,,,,,,,,,,,,,,,,,,,,,,,,,,,,,,,,,,,,,,,,,,,,,,,,,,,,,,,,,,,,,,,,,,,,,,,,,,,,,,,,,,,,,,,,,,,,,,,,,,,,,,,,,,,,,,,,,,,,,,,,,,,,,,1,1,NR,NR,2015,2020,NR,NR,NR,0,,115,94,309,1,1,0,0,1,0,0,,,,,1,,,,115,NR,114.6,4,0,0,0,1,0,0,,4,,1,1,3,,0,1,0,4,,,1,1,,1,1,,1,1,1,1,0,0,1,0,0,0,0,1,,"method consistency weighting planned but matching presented in results & EFS curves presented but no mention in methods;   309 LOT mais 114.6 ctrl patients??;  bias: unmeasured confounders in rwd, less comparability at baseline;",2
7,,,0,MD,"Comparative Effectiveness of Lurbinectedin for the Treatment of Relapsed Small Cell Lung Cancer in the Post-Platinum Setting: A Real-World Canadian Synthetic Control Arm Analysis",2023,1,0,canada,canada,1,"Targeted Oncology",1776-260X,,0,1,0,0,0,10.1007/s11523-023-00995-1," A EXCLURE: exp arm pas des ipd (donnes survie extraite courbe digitalisee)",0,1,,,0,0,0,0,0,,0,1,0,0,0,,0,0,0,1,1,0,"small cell lung cancer",2C25.1,lurbinectedin,L01XX69,1,0,0,0,0,,NCT02454972,,,,40,,0,0,0,0,0,,,0,0,0,0,0,0,0,,,,,,0,,,,,,,,,,,,,,,,,,,,,,,,,,,,,,,,,,,,,,,,,,,,0,0,0,0,,,,,,,,,,,,0,0,0,0,,0,0,0,0,,0,0,0,,,,,0,0,0,0,0,,,,,,,0,0,0,0,0,0,0,,,0,0,0,0,,0,0,0,0,0,0,0,0,0,0,,,0,,,,,,,,,,,,,,,,,,,,,,,,,,,,,,,,,,,,,,,,,,,,,,,,,,,,,,,,,,,,,,,,,,,,,,,,,
7,control_arm,1,,,,,,,,,,,,,,,,,,,,,,,,,,,,,,,,,,,,,,,,,,,,,,,,,,,,,,,,,,,,,,,,,,,,,,,,,,,,,,,,2,0,0,0,0,0,0,0,,,,,,,,1,0,0,0,0,0,0,,,,1,0,1,0,,6,,,"plein de bases de donnees;",0,,,,,,,,,,,,,,,,,,,,,,,,,,,,,,,,,,,,,,,,,,,,,,,,,,,,,,,,,,,,,,,,,,,,,,,,,,,,,,,,,,,,,,,,,,,,,,,,,,,,,,,,,,,,,,,,,,,,,,,,,,,,,,,,,,,,,,,,,,,,,,,,,,,,,
7,results,1,,,,,,,,,,,,,,,,,,,,,,,,,,,,,,,,,,,,,,,,,,,,,,,,,,,,,,,,,,,,,,,,,,,,,,,,,,,,,,,,,,,,,,,,,,,,,,,,,,,,,,,,,,,,,,,,,,,,,,,,,,,,,,,,,,,,,,,,,,,,,,,,,,,,,,,,,,,,,,,,,,,,,,,,,,,,,,,,,,,,,,,,,,,,,,,,,2015,2019,2004,2019,,,,,,,,,0,0,0,0,0,0,0,,,,,,,,,,,,,0,0,0,0,0,0,,,,,,,,0,0,0,,,,,,,,,,,,,0,0,0,0,0,0,0,0,0,,,0
8,,,2,MD,"External control cohorts for the single-arm LIBRETTO-001 trial of selpercatinib in RET+ non-small-cell lung cancer",2022,1,1,usa,uk,1,"ESMO open",2059-7029,"eli lilly",0,1,0,0,0,10.1016/j.esmoop.2022.100551,,2,1,1,,0,0,0,0,0,,1,1,0,0,0,,0,1,1,1,1,0,"ret fusion advanced metastatic non small cell lung cancer",2C25.0,selpercatinib,L01EX22,1,0,0,0,0,,NCT03157128,,,,85,1,0,0,0,1,0,,,0,0,0,0,0,0,0,,3,,0,"og study LIBRETTO 001;",2,,,,,,,,,,,,,,,,,,,,,,,,,,,,,,,,,,,,,,4,,2,0,"overall response rate",1,1,0,0,0,3,,,,,,,1,2,,8,0,0,1,0,,0,0,1,0,,0,1,0,,,,,0,0,0,0,0,,,,5,"entropy balancing",,0,0,0,0,0,1,0,,,0,0,1,0,,1,0,0,0,0,0,0,1,0,0,,,2,,,,,,,,,,,,,,,,,,,,,,,,,,,,,,,,,,,,,,,,,,,,,,,,,,,,,,,,,,,,,,,,,,,,,,,,,
8,control_arm,1,,,,,,,,,,,,,,,,,,,,,,,,,,,,,,,,,,,,,,,,,,,,,,,,,,,,,,,,,,,,,,,,,,,,,,,,,,,,,,3,2,1,0,0,1,0,0,0,0,,280,2,1,,1,1,5,0,0,0,0,0,0,,2,,1,1,0,0,,6,,0,"flatiron chainee a BD genomique;",2,,,,,,,,,,,,,,,,,,,,,,,,,,,,,,,,,,,,,,,,,,,,,,,,,,,,,,,,,,,,,,,,,,,,,,,,,,,,,,,,,,,,,,,,,,,,,,,,,,,,,,,,,,,,,,,,,,,,,,,,,,,,,,,,,,,,,,,,,,,,,,,,,,,,,
8,results,1,,,,,,,,,,,,,,,,,,,,,,,,,,,,,,,,,,,,,,,,,,,,,,,,,,,,,,,,,,,,,,,,,,,,,,,,,,,,,,,,,,,,,,,,,,,,,,,,,,,,,,,,,,,,,,,,,,,,,,,,,,,,,,,,,,,,,,,,,,,,,,,,,,,,,,,,,,,,,,,,,,,,,,,,,,,,,,,,,,,,,,,,,,,,,,,1,1,NR,NR,2017,2021,NR,NR,NR,1,,48,2791,,1,0,0,0,0,0,0,,,,,2,,,,48,2791,,NR,0,0,0,0,1,0,,4,,3,,3,,0,0,1,,,,1,1,1,2,1,1,2,2,1,0,0,0,1,0,0,0,0,1,,"effectifs dependent des strategies, endpoints et bras......;  on choisit la strategie 2 car n'ont pas pu ajuster pr la 1;  bias: groupes differents + evaluation differente outcomes",2
9,,,2,MD,"Short-Term Outcomes of Phage-Antibiotic Combination Treatment in Adult Patients with Periprosthetic Hip Joint Infection",2023,0,0,russia,russia,0,Viruses,1999-4915,"ministry of health of russian federation",1,0,0,0,0,10.3390/v15020499,,2,2,,,0,0,0,0,0,,0,0,0,0,1,"pilot study",0,0,0,1,1,0,"periprosthetic hip joint infection",NE83.1,"local phage combination therapy",,0,0,0,1,0,,,,,,1,1,0,1,0,0,0,,,0,0,0,0,0,0,0,,3,,0,,2,,,,,,,,,,,,,,,,,,,,,,,,,,,,,,,,,,,,,,4,,2,1,"periprosthetic infection relapses within 12 months after surgery",,0,0,0,1,1,,0.1,0.8,21,21,0,0,,,,0,0,0,0,,0,0,0,0,,0,0,0,,,,,0,0,0,0,0,,,,,,,0,0,0,0,0,0,0,,,0,0,0,0,,0,0,0,0,0,1,0,0,0,0,,"multplicity == nimp;",2,,,,,,,,,,,,,,,,,,,,,,,,,,,,,,,,,,,,,,,,,,,,,,,,,,,,,,,,,,,,,,,,,,,,,,,,,
9,control_arm,1,,,,,,,,,,,,,,,,,,,,,,,,,,,,,,,,,,,,,,,,,,,,,,,,,,,,,,,,,,,,,,,,,,,,,,,,,,,,,,1,0,1,0,0,1,0,0,0,0,,1,1,1,,1,0,5,0,0,0,0,0,0,,2,,0,1,0,0,,3,,1,,2,,,,,,,,,,,,,,,,,,,,,,,,,,,,,,,,,,,,,,,,,,,,,,,,,,,,,,,,,,,,,,,,,,,,,,,,,,,,,,,,,,,,,,,,,,,,,,,,,,,,,,,,,,,,,,,,,,,,,,,,,,,,,,,,,,,,,,,,,,,,,,,,,,,,,
9,results,1,,,,,,,,,,,,,,,,,,,,,,,,,,,,,,,,,,,,,,,,,,,,,,,,,,,,,,,,,,,,,,,,,,,,,,,,,,,,,,,,,,,,,,,,,,,,,,,,,,,,,,,,,,,,,,,,,,,,,,,,,,,,,,,,,,,,,,,,,,,,,,,,,,,,,,,,,,,,,,,,,,,,,,,,,,,,,,,,,,,,,,,,,,,,,,,1,2,2012,2018,2012,2018,NR,NR,NR,1,0,23,22,,1,0,0,0,1,0,0,,22,22,,,,,,,,,,0,0,0,0,0,0,,,,,,,,0,0,0,,,,,1,1,2,1,1,2,,0,0,0,0,0,0,0,0,0,0,,"faux bias",2
10,,,2,MD,"Efficacy and Safety of Atezolizumab and Bevacizumab in Appendiceal Adenocarcinoma",2024,0,0,usa,usa,1,"Cancer Research Communications",2767-9764,"M.D. Anderson Cancer Center",1,1,0,0,1,10.1158/2767-9764.CRC-24-0019,,2,2,,,0,0,0,0,0,,0,1,0,0,0,,0,0,0,1,1,0,"appendiceal adenocarcinoma",2B93.0,"atezolizumab; bevacizumab","L01FF05; L01FG01",1,0,0,0,0,,NCT03074513,,,,1,1,0,0,0,1,0,,,0,0,0,0,0,0,0,,2,,0,,2,,,,,,,,,,,,,,,,,,,,,,,,,,,,,,,,,,,,,,4,,2,0,"overall response rate",,1,0,1,0,1,,0.05,0.75,16,NR,1,1,1,,4,0,1,0,0,,1,0,0,0,,0,1,0,,NR,2,,1,0,0,0,0,,NR,3,,,,0,0,0,0,0,1,0,,,0,0,1,0,,0,0,0,0,0,1,0,0,0,0,,,2,,,,,,,,,,,,,,,,,,,,,,,,,,,,,,,,,,,,,,,,,,,,,,,,,,,,,,,,,,,,,,,,,,,,,,,,,
10,control_arm,1,,,,,,,,,,,,,,,,,,,,,,,,,,,,,,,,,,,,,,,,,,,,,,,,,,,,,,,,,,,,,,,,,,,,,,,,,,,,,,1,0,1,0,0,1,0,0,0,0,,1,1,1,,2,0,2,0,0,0,0,0,1,"additional pronostic variables",1,1,0,1,1,0,,4,"pathology with interpatient heterogeneity",0,,2,,,,,,,,,,,,,,,,,,,,,,,,,,,,,,,,,,,,,,,,,,,,,,,,,,,,,,,,,,,,,,,,,,,,,,,,,,,,,,,,,,,,,,,,,,,,,,,,,,,,,,,,,,,,,,,,,,,,,,,,,,,,,,,,,,,,,,,,,,,,,,,,,,,,,
10,results,1,,,,,,,,,,,,,,,,,,,,,,,,,,,,,,,,,,,,,,,,,,,,,,,,,,,,,,,,,,,,,,,,,,,,,,,,,,,,,,,,,,,,,,,,,,,,,,,,,,,,,,,,,,,,,,,,,,,,,,,,,,,,,,,,,,,,,,,,,,,,,,,,,,,,,,,,,,,,,,,,,,,,,,,,,,,,,,,,,,,,,,,,,,,,,,,1,1,2017,2020,NR,NR,NR,40,NR,1,,16,16,NR,1,0,0,0,0,0,0,,,,,4,16,16,NR,,,,NR,0,0,0,0,1,0,,,,3,,3,,0,0,1,,,,1,3,,,3,,,,1,0,0,1,0,1,0,0,0,0,"different follow up time","resultats pas clair sur ORR",2
11,,,2,MD,"Amivantamab compared with real-world therapies in patients with advanced non-small cell lung cancer harboring EGFR exon 20 insertion mutations who progressed after platinum-based chemotherapy",2022,1,0,uk,france,1,"Lung Cancer (Amsterdam, Netherlands)",1872-8332,janssen,0,1,0,0,0,10.1016/j.lungcan.2022.03.005,,2,1,3,,0,0,1,0,1,"disease progression after LOT",1,0,0,0,0,,0,0,0,1,1,0,"advanced non small cell lung cancer egfr exon 20 insertion ",2C25.0,amivantamab,L01FX18,1,0,0,0,0,,NCT02609776,,,,70,1,0,0,0,1,0,,,0,0,0,0,0,0,0,,2,,1,"CHRYSALIS ",2,,,,,,,,,,,,,,,,,,,,,,,,,,,,,,,,,,,,,,2,,2,0,N/A,1,1,0,0,0,2,,,,,,,1,2,,8,0,0,1,0,,0,0,1,0,,0,1,0,,,,,0,0,0,0,0,,,,2,,,0,1,0,1,0,0,0,,0.1,0,0,1,0,,0,0,0,1,0,0,0,1,0,0,,"all adjustment variables not listed (only 4 listed);  overlapping weights alors que estimand == ATT??;  on s'interesse au pooled controle;  sens an:patient restriction on number of LOT received+ other analysis model variables;",2,,,,,,,,,,,,,,,,,,,,,,,,,,,,,,,,,,,,,,,,,,,,,,,,,,,,,,,,,,,,,,,,,,,,,,,,,
11,control_arm,1,,,,,,,,,,,,,,,,,,,,,,,,,,,,,,,,,,,,,,,,,,,,,,,,,,,,,,,,,,,,,,,,,,,,,,,,,,,,,,1,0,2,0,0,1,0,0,0,0,,280,3,1,,2,1,2,0,0,0,0,1,0,,1,1,1,0,0,0,,6,,1,"""satisfies key inclusion crits"";  ConcertAI (claims)+ COTA Healthcare and Flatiron;  hernan;",2,,,,,,,,,,,,,,,,,,,,,,,,,,,,,,,,,,,,,,,,,,,,,,,,,,,,,,,,,,,,,,,,,,,,,,,,,,,,,,,,,,,,,,,,,,,,,,,,,,,,,,,,,,,,,,,,,,,,,,,,,,,,,,,,,,,,,,,,,,,,,,,,,,,,,
11,results,1,,,,,,,,,,,,,,,,,,,,,,,,,,,,,,,,,,,,,,,,,,,,,,,,,,,,,,,,,,,,,,,,,,,,,,,,,,,,,,,,,,,,,,,,,,,,,,,,,,,,,,,,,,,,,,,,,,,,,,,,,,,,,,,,,,,,,,,,,,,,,,,,,,,,,,,,,,,,,,,,,,,,,,,,,,,,,,,,,,,,,,,,,,,,,,,1,1,NR,2020,2011,2020,NR,NR,NR,1,,81,125,227,1,0,0,0,0,0,0,,,,,4,,,,81,125,NR,8,0,0,0,0,1,0,,4,,1,1,3,,1,0,0,3,,,1,1,,1,1,,1,1,1,0,0,0,1,0,1,0,0,0,,"le love plot semble indiquer que la derniere var n'est pas equilibree entre les 2 groupes mais pas de smd fournies;  appendix on a les HR pour comp avec chaque BD et pas le pooled mais tout est sign;  bias: unmeasured confounding because of non rando design + lack of assessment consistency in RWD;",2
12,,,2,MD,"Targeted dosing of anti-thymocyte globulin in adult unmanipulated haploidentical peripheral blood stem cell transplantation: A single-arm, phase 2 trial",2023,0,0,china,china,0,"American Journal of Hematology",1096-8652,"Chinese PLA General Hospital",1,0,0,0,0,10.1002/ajh.27068,,2,2,,,0,0,0,0,0,,0,1,0,0,0,,0,1,1,1,0,0,"hematological malignancies",NA,"anti thymocyte globulin ",L04AA03,1,0,0,0,0,,NCT04778618,,,,1,1,0,0,0,1,0,,,0,0,0,0,0,0,0,,4,transplantation,1,"trial protocol available in supp mat;  ""Patients with hematologic malignancies in complete response"" --> basket trial?;  liste pathologies pr icd11??;",2,,,,,,,,,,,,,,,,,,,,,,,,,,,,,,,,,,,,,,4,,2,0,"cumulative incidence of cytomegalovirus reactivation within 180 days post transplantation",,1,0,0,0,1,,0.05,0.9,63,NR,1,1,5,,NR,0,0,1,0,,0,0,1,0,,0,1,0,,,,,0,0,0,0,0,,,,,,,0,0,0,0,0,1,0,,,0,0,1,0,,0,0,0,0,0,1,0,0,0,0,,"nsn calculation with simon two stage design (24+69);  ""Differences between the study cohort and the historical cohort will be assessed using Kaplan-Meier estimate two-sided log-rank test will be used for comparisons as well as multivariate Cox proportional hazard models""",2,,,,,,,,,,,,,,,,,,,,,,,,,,,,,,,,,,,,,,,,,,,,,,,,,,,,,,,,,,,,,,,,,,,,,,,,,
12,control_arm,1,,,,,,,,,,,,,,,,,,,,,,,,,,,,,,,,,,,,,,,,,,,,,,,,,,,,,,,,,,,,,,,,,,,,,,,,,,,,,,1,0,1,0,0,1,0,0,0,0,,1,1,1,,1,1,5,0,0,0,0,0,0,,1,1,0,1,0,0,,5,,0,,2,,,,,,,,,,,,,,,,,,,,,,,,,,,,,,,,,,,,,,,,,,,,,,,,,,,,,,,,,,,,,,,,,,,,,,,,,,,,,,,,,,,,,,,,,,,,,,,,,,,,,,,,,,,,,,,,,,,,,,,,,,,,,,,,,,,,,,,,,,,,,,,,,,,,,
12,results,1,,,,,,,,,,,,,,,,,,,,,,,,,,,,,,,,,,,,,,,,,,,,,,,,,,,,,,,,,,,,,,,,,,,,,,,,,,,,,,,,,,,,,,,,,,,,,,,,,,,,,,,,,,,,,,,,,,,,,,,,,,,,,,,,,,,,,,,,,,,,,,,,,,,,,,,,,,,,,,,,,,,,,,,,,,,,,,,,,,,,,,,,,,,,,,,0,,2020,2022,2018,2020,21.01,NR,NR,1,,66,102,,1,0,0,0,1,0,0,,63,102,,4,,,,,,,NR,0,0,0,0,1,0,,,,3,,3,,0,0,1,,,,1,1,1,2,1,1,1,,1,1,0,0,0,1,0,0,0,0,"different follow up time","median fu in days --> converted to months;  bias: single arm design + shorter fu time in SAT + unmeasured vars in SAT?;",2
13,,,2,MD,"Efficacy of Premedication Protocol without Ranitidine for Taxane Regimen: A Multicenter Non-Randomized Historical Controlled Study",2022,0,0,thailand,thailand,0,"Asian Pacific journal of cancer prevention: APJCP",2476-762X,NR,0,0,0,1,0,10.31557/APJCP.2022.23.4.1331,,2,2,,,0,0,0,0,0,,0,0,0,1,0,,0,0,0,1,1,0,neoplasm,NA,"dexamethasone; ondansetron; diphenhydramine",H02AB02;A04AA01;R06AA02,0,0,0,0,1,"thai registry of clinical trials",,,,TCTR20210322004,3,1,0,0,0,0,1,"comparison with withdrawn soc",,0,0,0,0,0,0,0,,3,,1,"""cancer that required standard treatment with the taxane regimen"";  date selection criterion == post interdiction ranitidine;",2,,,,,,,,,,,,,,,,,,,,,,,,,,,,,,,,,,,,,,4,,1,,"incidence of hypersensitivity reactions",,0,0,0,1,1,,0.05,0.8,200,NR,1,1,5,,,0,0,1,0,,0,0,1,0,,0,1,0,,,,,0,0,0,0,0,,,,,,,0,0,0,0,0,1,0,,,0,0,1,0,,0,0,0,0,0,1,0,0,0,0,,,2,,,,,,,,,,,,,,,,,,,,,,,,,,,,,,,,,,,,,,,,,,,,,,,,,,,,,,,,,,,,,,,,,,,,,,,,,
13,control_arm,1,,,,,,,,,,,,,,,,,,,,,,,,,,,,,,,,,,,,,,,,,,,,,,,,,,,,,,,,,,,,,,,,,,,,,,,,,,,,,,1,0,1,0,0,1,0,0,0,0,,1,1,1,,1,1,1,0,0,0,0,0,0,,2,,0,1,0,0,,4,"former soc withdrawn from market due to side effects",1,,2,,,,,,,,,,,,,,,,,,,,,,,,,,,,,,,,,,,,,,,,,,,,,,,,,,,,,,,,,,,,,,,,,,,,,,,,,,,,,,,,,,,,,,,,,,,,,,,,,,,,,,,,,,,,,,,,,,,,,,,,,,,,,,,,,,,,,,,,,,,,,,,,,,,,,
13,results,1,,,,,,,,,,,,,,,,,,,,,,,,,,,,,,,,,,,,,,,,,,,,,,,,,,,,,,,,,,,,,,,,,,,,,,,,,,,,,,,,,,,,,,,,,,,,,,,,,,,,,,,,,,,,,,,,,,,,,,,,,,,,,,,,,,,,,,,,,,,,,,,,,,,,,,,,,,,,,,,,,,,,,,,,,,,,,,,,,,,,,,,,,,,,,,,1,1,NR,NR,2020,2020,NR,NR,NR,1,,221,220,,1,0,0,0,1,0,0,,221,220,,4,,,,,,,NR,0,0,0,0,1,0,,,,3,,3,,0,0,1,,,,1,1,1,,1,1,,,1,0,1,0,0,0,0,0,0,0,,"bias: incomplete rwd",2
14,,,2,MD,"Intermediate-dose cyclophosphamide and bortezomib for PBSC mobilization in multiple myeloma",2023,0,0,japan,japan,0,"Transfusion and Apheresis Science: Official Journal of the World Apheresis Association: Official Journal of the European Society for Haemapheresis",1473-0502,NR,0,0,0,1,0,10.1016/j.transci.2023.103649,,2,2,,,0,0,0,0,0,,0,1,0,0,0,,0,0,0,1,0,0,"multiple myeloma",2A83.Y,bortezomib,L01XG01,0,0,0,1,0,,,,,,2,1,0,0,0,1,0,,,0,0,0,0,0,0,0,,3,,1,"""The conditioning regimen post-transplantation consolidation therapy and maintenance therapy were at the discretion of each physician"";",2,,,,,,,,,,,,,,,,,,,,,,,,,,,,,,,,,,,,,,4,,2,0,safety,,1,0,1,0,3,,,,,,,0,,,,0,0,0,0,,0,0,0,0,,0,0,0,,,,,0,0,0,0,0,,,,,,,0,0,0,0,0,0,0,,,0,0,0,0,,0,0,0,0,0,1,0,0,0,0,,"autre cdjp == mobilization efficacy; ",2,,,,,,,,,,,,,,,,,,,,,,,,,,,,,,,,,,,,,,,,,,,,,,,,,,,,,,,,,,,,,,,,,,,,,,,,,
14,control_arm,1,,,,,,,,,,,,,,,,,,,,,,,,,,,,,,,,,,,,,,,,,,,,,,,,,,,,,,,,,,,,,,,,,,,,,,,,,,,,,,1,0,1,0,0,1,0,0,0,0,,2,1,1,,1,1,1,0,0,0,0,0,0,,2,,0,1,0,0,,3,,1,,2,,,,,,,,,,,,,,,,,,,,,,,,,,,,,,,,,,,,,,,,,,,,,,,,,,,,,,,,,,,,,,,,,,,,,,,,,,,,,,,,,,,,,,,,,,,,,,,,,,,,,,,,,,,,,,,,,,,,,,,,,,,,,,,,,,,,,,,,,,,,,,,,,,,,,
14,results,1,,,,,,,,,,,,,,,,,,,,,,,,,,,,,,,,,,,,,,,,,,,,,,,,,,,,,,,,,,,,,,,,,,,,,,,,,,,,,,,,,,,,,,,,,,,,,,,,,,,,,,,,,,,,,,,,,,,,,,,,,,,,,,,,,,,,,,,,,,,,,,,,,,,,,,,,,,,,,,,,,,,,,,,,,,,,,,,,,,,,,,,,,,,,,,,0,,2013,2017,2003,2012,NR,NR,NR,1,,21,15,,1,0,0,0,0,0,0,,21,15,,,,,,,,,,0,0,0,0,0,0,,,,,,,,0,0,0,,,,,3,,,3,,,,1,1,0,0,0,0,0,0,0,1,,"conclusion a equivalence alors que semblaient vouloir demontrer une superiorite + set up avec molecule en plus dans group exp;  bias: non comparabilite des induction therapy regimens a baseline + non randomized design + 2 centers only;",2
15,,,2,MD,"Relapse Rates With Paliperidone Palmitate in Adult Patients With Schizophrenia: Results for the 6-Month Formulation From an Open-label Extension Study Compared to Real-World Data for the 1-Month and 3-Month Formulations",2024,1,0,usa,germany,1,"The International Journal of Neuropsychopharmacology",1469-5111,janssen,0,1,0,0,0,10.1093/ijnp/pyad067,,2,1,3,,0,0,0,1,0,,0,0,0,0,1,4,0,0,0,1,1,0,schizophrenia,6A20,"paliperidone ",N05AX13,1,1,0,0,0,,NCT04072575,2018-004532-30,,,30,1,0,0,0,1,0,,,0,0,0,0,0,0,0,,1,,1,"og study == ? phase 3 NCT03345342 ""OLE"";  subset car ""who met eligibility criteria""?;",2,,,,,,,,,,,,,,,,,,,,,,,,,,,,,,,,,,,,,,4,,1,,"time to first relapse",3,1,0,0,0,2,,,,,,,1,1,,7,0,0,1,0,,0,0,1,0,,0,1,0,,1:1,3,,1,1,0,0,0,,0.2,,,,,0,1,0,0,0,0,0,,0.2,0,0,1,0,,1,0,0,1,0,0,0,0,0,0,,"1:1:1 matching with ""sequential"" matching methode matching correcte? pas de papier cite;  sens an: other matching ratio;",2,,,,,,,,,,,,,,,,,,,,,,,,,,,,,,,,,,,,,,,,,,,,,,,,,,,,,,,,,,,,,,,,,,,,,,,,,
15,control_arm,1,,,,,,,,,,,,,,,,,,,,,,,,,,,,,,,,,,,,,,,,,,,,,,,,,,,,,,,,,,,,,,,,,,,,,,,,,,,,,,2,0,1,0,0,0,0,1,0,0,,NR,3,1,,2,1,2,0,0,0,0,0,1,"number of injections received to mimic exp arm",1,0,1,0,0,0,,5,,1,"PP3M (same for PP1M);  claims from IBM MDCD;",2,,,,,,,,,,,,,,,,,,,,,,,,,,,,,,,,,,,,,,,,,,,,,,,,,,,,,,,,,,,,,,,,,,,,,,,,,,,,,,,,,,,,,,,,,,,,,,,,,,,,,,,,,,,,,,,,,,,,,,,,,,,,,,,,,,,,,,,,,,,,,,,,,,,,,
15,results,1,,,,,,,,,,,,,,,,,,,,,,,,,,,,,,,,,,,,,,,,,,,,,,,,,,,,,,,,,,,,,,,,,,,,,,,,,,,,,,,,,,,,,,,,,,,,,,,,,,,,,,,,,,,,,,,,,,,,,,,,,,,,,,,,,,,,,,,,,,,,,,,,,,,,,,,,,,,,,,,,,,,,,,,,,,,,,,,,,,,,,,,,,,,,,,,1,2,NR,NR,2017,2021,NR,24,24,1,,178,736,NR,1,1,0,0,0,0,0,,,,,4,178,178,NR,,,,7,0,0,0,1,0,0,,,,1,1,1,1,1,0,0,4,,,1,1,1,,1,1,,1,1,1,1,0,0,1,0,0,0,0,"data used for billing instead of medical care","sequential matching comment entrer les infos;  PP3M vs PP6M;  qualite des RWD: moindre + incomplete + variables manquantes",2
16,,,0,MD,"Efficacy of plasma exchange therapy for diffuse alveolar hemorrhage in patients with microscopic polyangiitis",2022,0,0,japan,japan,1,"Therapeutic Apheresis and Dialysis: Official Peer-Reviewed Journal of the International Society for Apheresis, the Japanese Society for Apheresis, the Japanese Society for Dialysis Therapy",1744-9987,NR,0,0,0,1,0,10.1111/1744-9987.13824,"A exclure: intervention",2,2,,,0,0,0,0,0,,0,0,0,1,0,,0,0,0,1,1,0,"microscopic polyangiitis",4A44.A0,"plasma exchange",,0,0,0,0,1,UMIN,,,,UMIN000031999,2,1,0,0,0,1,0,,,0,0,0,0,0,0,0,,3,,1,,2,,,,,,,,,,,,,,,,,,,,,,,,,,,,,,,,,,,,,,4,,1,,"52 week survival rate",,0,0,0,1,1,,0.05,0.8,6,NR,0,1,5,,NR,0,0,1,0,,0,0,1,0,,0,1,0,,,,,0,0,0,0,0,,,,,,,0,0,0,0,0,1,0,,,0,0,1,0,,0,0,0,0,0,1,0,0,0,0,,"52 week survival rate puis non disease specific mortality as primary outcome;  nsn non correct car pas de delta fourni;",2,,,,,,,,,,,,,,,,,,,,,,,,,,,,,,,,,,,,,,,,,,,,,,,,,,,,,,,,,,,,,,,,,,,,,,,,,
16,control_arm,1,,,,,,,,,,,,,,,,,,,,,,,,,,,,,,,,,,,,,,,,,,,,,,,,,,,,,,,,,,,,,,,,,,,,,,,,,,,,,,1,0,1,0,0,1,0,0,0,0,,2,1,1,,1,1,5,0,0,0,0,0,0,,2,,0,1,0,0,,3,,1,,2,,,,,,,,,,,,,,,,,,,,,,,,,,,,,,,,,,,,,,,,,,,,,,,,,,,,,,,,,,,,,,,,,,,,,,,,,,,,,,,,,,,,,,,,,,,,,,,,,,,,,,,,,,,,,,,,,,,,,,,,,,,,,,,,,,,,,,,,,,,,,,,,,,,,,
16,results,1,,,,,,,,,,,,,,,,,,,,,,,,,,,,,,,,,,,,,,,,,,,,,,,,,,,,,,,,,,,,,,,,,,,,,,,,,,,,,,,,,,,,,,,,,,,,,,,,,,,,,,,,,,,,,,,,,,,,,,,,,,,,,,,,,,,,,,,,,,,,,,,,,,,,,,,,,,,,,,,,,,,,,,,,,,,,,,,,,,,,,,,,,,,,,,,1,1,2018,2021,1998,2017,NR,NR,NR,1,,6,16,,1,0,0,0,1,0,0,,4,16,,4,,,,,,,NR,0,0,0,0,1,0,,,,3,,3,,0,0,1,,,,1,3,,,1,1,,,1,0,0,0,0,0,0,0,0,0,,"2 exclusions et 2 drop out dans exp arm -> 2 patients restants pr analyses et il semble y avoir une 5e censure dapres km curves;  bias: small sample size in exp arm (but ""sufficient value"");",2
17,,,0,MD,"3- or 1-Month DAPT in Patients at High Bleeding Risk Undergoing Everolimus-Eluting Stent Implantation",2021,,,,,,"JACC. Cardiovascular interventions",1876-7605,,0,0,0,0,0,10.1016/j.jcin.2021.07.016,"A EXCLURE: intervention",0,,,,0,0,0,0,0,,0,0,0,0,0,,0,0,0,0,0,0,,,,,0,0,0,0,0,,,,,,,,0,0,0,0,0,,,0,0,0,0,0,0,0,,,,,,0,,,,,,,,,,,,,,,,,,,,,,,,,,,,,,,,,,,,,,,,,,,,0,0,0,0,,,,,,,,,,,,0,0,0,0,,0,0,0,0,,0,0,0,,,,,0,0,0,0,0,,,,,,,0,0,0,0,0,0,0,,,0,0,0,0,,0,0,0,0,0,0,0,0,0,0,,,0,,,,,,,,,,,,,,,,,,,,,,,,,,,,,,,,,,,,,,,,,,,,,,,,,,,,,,,,,,,,,,,,,,,,,,,,,
18,,,2,MD,"Levetiracetam as a sensitizer of concurrent chemoradiotherapy in newly diagnosed glioblastoma: An open-label phase 2 study",2022,0,0,"south korea","south korea",0,"Cancer Medicine",2045-7634,"Seoul National University Hospital",1,0,0,0,0,10.1002/cam4.4454,,2,2,,,0,0,0,0,0,,0,1,0,0,0,,0,0,0,1,1,0,glioblastoma,2A00.00,levetiracetam,N03AX14,1,0,0,0,0,,NCT02815410,,,,8,1,0,0,0,1,0,,,0,0,0,0,0,0,0,,4,diagnosis,0,"index date pfs ""date of pathologic confirmation by operation"" os ""date of operation"";",2,,,,,,,,,,,,,,,,,,,,,,,,,,,,,,,,,,,,,,4,,2,0,"6 months progression free survival",,1,0,0,0,3,,,,,,,1,1,,4,0,0,1,0,,0,0,1,0,,0,1,0,,NR,3,,0,0,0,0,1,"full optimal",NR,2,,,,0,1,0,0,0,0,0,,0.2,0,0,1,0,,0,0,0,0,0,1,0,0,0,0,,"4 landmark pfs et 2 landmarks OS pas de justif pour les seuils + ne sont pas qualifies d'analyse de sensibilite;  font des analyses en sous groupe apres dichotomisation des vars a baseline;",2,,,,,,,,,,,,,,,,,,,,,,,,,,,,,,,,,,,,,,,,,,,,,,,,,,,,,,,,,,,,,,,,,,,,,,,,,
18,control_arm,1,,,,,,,,,,,,,,,,,,,,,,,,,,,,,,,,,,,,,,,,,,,,,,,,,,,,,,,,,,,,,,,,,,,,,,,,,,,,,,1,0,1,1,0,0,0,0,0,0,,NR,3,1,,1,0,5,0,0,0,0,0,0,,3,,0,1,0,0,,3,,1,,2,,,,,,,,,,,,,,,,,,,,,,,,,,,,,,,,,,,,,,,,,,,,,,,,,,,,,,,,,,,,,,,,,,,,,,,,,,,,,,,,,,,,,,,,,,,,,,,,,,,,,,,,,,,,,,,,,,,,,,,,,,,,,,,,,,,,,,,,,,,,,,,,,,,,,
18,results,1,,,,,,,,,,,,,,,,,,,,,,,,,,,,,,,,,,,,,,,,,,,,,,,,,,,,,,,,,,,,,,,,,,,,,,,,,,,,,,,,,,,,,,,,,,,,,,,,,,,,,,,,,,,,,,,,,,,,,,,,,,,,,,,,,,,,,,,,,,,,,,,,,,,,,,,,,,,,,,,,,,,,,,,,,,,,,,,,,,,,,,,,,,,,,,,0,,2016,2019,2004,2019,NR,26.5,18.4,0,,76,101,,1,1,0,0,0,0,0,,,,,4,73,101,,,,,4,0,0,0,1,0,0,,,,1,1,3,,0,1,0,3,,,0,1,1,2,1,1,2,,1,0,0,1,0,0,0,0,0,0,,"inclusion des retraits de consentement etc dans nb inclus? + meme nb de patients avant matching que apres?;  shady <-- landmark analysis les seuls landmarks de pfs et os significatifs sont les endpoints cites dans les methods;  biais: external control + small sample size",2
20,,,2,MD,"Comparative effectiveness of tocilizumab vs standard care in patients with severe COVID-19-related pneumonia: a retrospective cohort study utilizing registry data as a synthetic control",2023,0,0,japan,japan,1,"BMC infectious diseases",1471-2334,NR,1,1,0,0,0,10.1186/s12879-023-08840-6,,2,1,4,,0,0,0,0,0,,0,0,1,0,0,,0,0,0,1,1,0,"covid 19 related pneumonia",RA01.0,tocilizumab,L04AC07,0,0,0,0,1,UMIN,,,,UMIN000043622,12,1,0,0,0,0,1,"limited number of patients in japan at the beginning of the pandemic",,0,0,0,0,0,0,0,,2,,1,"og study JA42434 on ne s'interesse qu'au premeir obj!;",2,,,,,,,,,,,,,,,,,,,,,,,,,,,,,,,,,,,,,,4,,2,0,"time to discharge",3,1,0,0,0,3,,,,,,,1,1,,7,1,0,0,0,,0,0,1,0,,0,1,0,,1:1,3,,0,0,0,1,0,,0.2,3,,,,0,0,0,0,0,1,0,,,0,0,1,0,,0,0,0,0,0,0,1,0,0,0,imputation,"exact matching puis psm??;  1:1 ou 1:4?;  adj vars pas precis au moins 7;",1,,,,,,,,,,,,,,,,,,,,,,,,,,,,,,,,,,,,,,,,,,,,,,,,,,,,,,,,,,,,,,,,,,,,,,,,,
20,control_arm,1,,,,,,,,,,,,,,,,,,,,,,,,,,,,,,,,,,,,,,,,,,,,,,,,,,,,,,,,,,,,,,,,,,,,,,,,,,,,,,1,0,1,1,0,0,0,0,0,0,,687,3,1,,1,1,1,0,0,0,0,0,0,,1,0,1,0,1,0,,6,,0,"COVIREGI-JP == source;",2,,,,,,,,,,,,,,,,,,,,,,,,,,,,,,,,,,,,,,,,,,,,,,,,,,,,,,,,,,,,,,,,,,,,,,,,,,,,,,,,,,,,,,,,,,,,,,,,,,,,,,,,,,,,,,,,,,,,,,,,,,,,,,,,,,,,,,,,,,,,,,,,,,,,,
20,results,1,,,,,,,,,,,,,,,,,,,,,,,,,,,,,,,,,,,,,,,,,,,,,,,,,,,,,,,,,,,,,,,,,,,,,,,,,,,,,,,,,,,,,,,,,,,,,,,,,,,,,,,,,,,,,,,,,,,,,,,,,,,,,,,,,,,,,,,,,,,,,,,,,,,,,,,,,,,,,,,,,,,,,,,,,,,,,,,,,,,,,,,,,,,,,,,1,1,2020,2020,2020,2020,NR,NR,NR,1,,48,86,,1,1,0,0,0,0,0,,,,,4,31,31,,,,,NR,0,0,0,1,0,0,,,,1,1,3,,1,0,0,,,,1,2,,,2,,,,1,1,0,0,0,0,0,0,0,1,,"bias: limited comparability at baseline + day 1 definition + missing vars + unmeasured confounders;",2
21,,,2,MD,"Efficacy and safety of convalescent plasma therapy in patients with moderate-to-severe COVID-19: A non-randomized comparative study with historical control in a referral hospital in Indonesia",2022,0,0,indonesia,indonesia,0,"Journal of Infection and Public Health",1876-035X,NR,1,0,0,0,0,10.1016/j.jiph.2021.10.028,,2,1,4,,0,0,0,0,0,,0,0,0,1,0,,0,0,0,1,1,0,"covid 19",RA01.0,"convalescent plasma therapy",B05AX,0,0,0,0,1,"indonesian food and drug authority",,,,R-RG.01.06.1.3.05.20.156,8,3,0,0,0,0,0,,,0,0,0,0,0,0,0,,3,,0,"code atc pr ""other blood products""",2,,,,,,,,,,,,,,,,,,,,,,,,,,,,,,,,,,,,,,4,,2,0,N/A,,1,0,0,0,3,,,,,,,1,1,,2,0,0,1,0,,0,0,1,0,,0,1,0,,1:1,4,,0,0,0,0,0,,NR,,,,,0,0,0,0,0,1,0,,,0,0,1,0,,0,0,0,0,0,1,0,0,0,0,,,2,,,,,,,,,,,,,,,,,,,,,,,,,,,,,,,,,,,,,,,,,,,,,,,,,,,,,,,,,,,,,,,,,,,,,,,,,
21,control_arm,1,,,,,,,,,,,,,,,,,,,,,,,,,,,,,,,,,,,,,,,,,,,,,,,,,,,,,,,,,,,,,,,,,,,,,,,,,,,,,,1,0,1,0,0,1,0,0,0,0,,1,1,1,,1,0,4,0,0,0,0,0,0,,2,,0,1,0,0,,4,"difficult access to standard therapies in developping countries",0,,2,,,,,,,,,,,,,,,,,,,,,,,,,,,,,,,,,,,,,,,,,,,,,,,,,,,,,,,,,,,,,,,,,,,,,,,,,,,,,,,,,,,,,,,,,,,,,,,,,,,,,,,,,,,,,,,,,,,,,,,,,,,,,,,,,,,,,,,,,,,,,,,,,,,,,
21,results,1,,,,,,,,,,,,,,,,,,,,,,,,,,,,,,,,,,,,,,,,,,,,,,,,,,,,,,,,,,,,,,,,,,,,,,,,,,,,,,,,,,,,,,,,,,,,,,,,,,,,,,,,,,,,,,,,,,,,,,,,,,,,,,,,,,,,,,,,,,,,,,,,,,,,,,,,,,,,,,,,,,,,,,,,,,,,,,,,,,,,,,,,,,,,,,,0,,2020,2020,NR,NR,NR,NR,NR,1,,15,15,,1,0,0,0,1,0,0,,,,,4,NR,NR,,,,,2,0,0,0,1,0,0,,,,3,,3,,0,0,1,,,,1,2,,,2,,,,1,0,0,0,0,0,0,0,0,1,,"exclusion de patients selon analyses chaud d'avoir un n par groupe;  bias unmeasured confounders;",2
22,,,2,MD,"Comparative effectiveness of mobocertinib and standard of care in patients with NSCLC with EGFR exon 20 insertion mutations: An indirect comparison",2023,1,0,usa,usa,0,"Lung Cancer (Amsterdam, Netherlands)",1872-8332,takeda,0,1,0,0,0,10.1016/j.lungcan.2023.107186,,2,1,4,,0,0,0,0,0,,1,1,0,0,0,,0,0,0,1,0,0,"non small cell lung cancer",2C25.Y,mobocertinib,L01EB10,1,0,0,0,0,,NCT02716116,,,,NR,1,1,0,0,0,0,,,0,0,0,0,0,0,0,,2,,1,,2,,,,,,,,,,,,,,,,,,,,,,,,,,,,,,,,,,,,,,2,,2,0,"confirmed overall response rate",3,1,0,0,0,3,,,,,,,1,2,,5,1,0,0,0,,1,1,0,0,,1,0,0,,,,,0,0,0,0,0,,,,2,,,0,0,0,0,0,1,0,,,0,0,1,0,,0,0,0,0,0,1,0,0,0,0,,"disent IPTW mais SMRW en vrai;",2,,,,,,,,,,,,,,,,,,,,,,,,,,,,,,,,,,,,,,,,,,,,,,,,,,,,,,,,,,,,,,,,,,,,,,,,,
22,control_arm,1,,,,,,,,,,,,,,,,,,,,,,,,,,,,,,,,,,,,,,,,,,,,,,,,,,,,,,,,,,,,,,,,,,,,,,,,,,,,,,1,0,1,0,0,1,0,0,0,0,,280,2,1,,1,1,1,0,0,0,0,0,0,,1,1,1,0,0,0,,6,,1,flatiron;,2,,,,,,,,,,,,,,,,,,,,,,,,,,,,,,,,,,,,,,,,,,,,,,,,,,,,,,,,,,,,,,,,,,,,,,,,,,,,,,,,,,,,,,,,,,,,,,,,,,,,,,,,,,,,,,,,,,,,,,,,,,,,,,,,,,,,,,,,,,,,,,,,,,,,,
22,results,1,,,,,,,,,,,,,,,,,,,,,,,,,,,,,,,,,,,,,,,,,,,,,,,,,,,,,,,,,,,,,,,,,,,,,,,,,,,,,,,,,,,,,,,,,,,,,,,,,,,,,,,,,,,,,,,,,,,,,,,,,,,,,,,,,,,,,,,,,,,,,,,,,,,,,,,,,,,,,,,,,,,,,,,,,,,,,,,,,,,,,,,,,,,,,,,1,1,2016,2020,2011,2020,NR,NR,NR,1,,114,50,,1,0,0,0,1,0,0,,,,,1,,,,114,109,,5,0,0,0,1,0,0,,4,,3,,3,,0,0,1,,,,1,1,1,1,1,1,1,,1,1,0,0,1,0,0,0,0,1,,"bias: standardisation collecte data + missing variables",2
23,,,0,MD,"High Risk of Recurrence of Malignancy Noted in Four-day rATG Regimen After Allogeneic PBSCT From Matched Sibling Donors",2022,0,0,china,china,0,"Transplantation and Cellular Therapy",2666-6367,NR,1,0,0,0,0,10.1016/j.jtct.2022.08.012,"EXCLUSION: controle issu d'un RCT",2,2,,,0,0,0,0,0,,0,1,0,0,0,,0,0,0,0,0,0,"myelodysplastic syndrome; acute leukemia",,,,1,0,0,0,0,,NCT05214066,,,,1,1,0,0,0,0,0,,,0,0,0,0,0,0,0,,,,,,0,,,,,,,,,,,,,,,,,,,,,,,,,,,,,,,,,,,,,,,,,,,,0,0,0,0,,,,,,,,,,,,0,0,0,0,,0,0,0,0,,0,0,0,,,,,0,0,0,0,0,,,,,,,0,0,0,0,0,0,0,,,0,0,0,0,,0,0,0,0,0,0,0,0,0,0,,,0,,,,,,,,,,,,,,,,,,,,,,,,,,,,,,,,,,,,,,,,,,,,,,,,,,,,,,,,,,,,,,,,,,,,,,,,,
24,,,2,MD,"Non-Ablative Chemotherapy Followed by HLA-Mismatched Allogeneic CD3+ T-Cells Infusion Causes An Augment of T-Cells With Mild CRS: A Multi-Centers Single-Arm Prospective Study on Elderly Acute Myeloid Leukemia and int-2/High Risk Myelodysplastic Syndrome Patients",2021,0,0,china,china,0,"Frontiers in Oncology",2234-943X,"Bone Marrow Transplantation Center of the First Affiliated Hospital",1,0,0,0,0,10.3389/fonc.2021.741341,,2,2,,,0,0,0,0,0,,0,0,0,1,0,,0,0,0,0,1,0,"myelodysplatic syndromes; acute myeloid leukemia","2A3Z; 2A60","HLA mismatched allogeneic T cell infusion",,0,0,0,0,1,ChiCTR,,,,"ChiCTR-ONC-17011948 ",3,1,0,0,0,1,0,,,0,0,0,0,0,0,0,,3,,1,"codes ICD11 pr AML tres nombreux",2,,,,,,,,,,,,,,,,,,,,,,,,,,,,,,,,,,,,,,4,,2,0,N/A,,1,0,1,0,1,,NR,NR,NR,NR,0,0,,,,0,0,0,0,,0,0,0,0,,0,0,0,,,,,0,0,0,0,0,,,,,,,0,0,0,0,0,0,0,,,0,0,0,0,,0,0,0,0,0,1,0,0,0,0,,"software used for sample size calculation;",2,,,,,,,,,,,,,,,,,,,,,,,,,,,,,,,,,,,,,,,,,,,,,,,,,,,,,,,,,,,,,,,,,,,,,,,,,
24,control_arm,1,,,,,,,,,,,,,,,,,,,,,,,,,,,,,,,,,,,,,,,,,,,,,,,,,,,,,,,,,,,,,,,,,,,,,,,,,,,,,,1,0,1,0,0,1,0,0,0,0,,1,1,1,,1,0,1,0,0,0,0,0,0,,2,,0,1,0,0,,3,,1,"historical control: que des AML pas de MDS?;",2,,,,,,,,,,,,,,,,,,,,,,,,,,,,,,,,,,,,,,,,,,,,,,,,,,,,,,,,,,,,,,,,,,,,,,,,,,,,,,,,,,,,,,,,,,,,,,,,,,,,,,,,,,,,,,,,,,,,,,,,,,,,,,,,,,,,,,,,,,,,,,,,,,,,,
24,results,1,,,,,,,,,,,,,,,,,,,,,,,,,,,,,,,,,,,,,,,,,,,,,,,,,,,,,,,,,,,,,,,,,,,,,,,,,,,,,,,,,,,,,,,,,,,,,,,,,,,,,,,,,,,,,,,,,,,,,,,,,,,,,,,,,,,,,,,,,,,,,,,,,,,,,,,,,,,,,,,,,,,,,,,,,,,,,,,,,,,,,,,,,,,,,,,0,,2017,2020,2010,2016,NR,30.0,61.2,0,,25,30,,1,0,0,0,1,0,0,,17,30,,,,,,,,,,0,0,0,0,0,0,,,,,,,,0,0,0,,,,,1,,2,1,,2,,0,0,0,0,0,0,0,0,0,0,,"median fu en mois;  baseline comparison AML only mais analyse sur tous les patients du bras exp? on ne sait pas pour quel nb de patients l'analyse a ete powered;  analyse sign == sous groupe;  basket? font des comp intra groupe exp;",2
25,,,2,MD,"Comparative Effectiveness of Valoctocogene Roxaparvovec and Prophylactic Factor VIII Replacement in Severe Hemophilia A",2024,1,1,germany,brazil,1,"Advances in Therapy",1865-8652,"biomarin pharmaceutical",0,1,0,0,0,10.1007/s12325-024-02834-9,,2,1,4,,0,0,0,0,0,,0,0,1,0,0,,0,0,0,1,1,0,"hemophilia a",3B10.0,"valoctocogene roxaparvovec",B02BD15,1,0,0,0,0,,NCT03370913,,,,,1,1,0,0,0,0,,,0,0,0,0,0,0,0,,3,,0,"og study: GENEr8-1",2,,,,,,,,,,,,,,,,,,,,,,,,,,,,,,,,,,,,,,4,,2,0,N/A,,0,0,0,1,3,,,,,,,1,2,,13,0,0,1,0,,1,0,0,1,"forward selection",0,1,0,,,,,0,0,0,0,0,,,,2,,,0,1,0,0,1,0,0,,0.1,0,0,1,0,,1,0,0,0,0,0,0,0,0,0,,,2,,,,,,,,,,,,,,,,,,,,,,,,,,,,,,,,,,,,,,,,,,,,,,,,,,,,,,,,,,,,,,,,,,,,,,,,,
25,control_arm,1,,,,,,,,,,,,,,,,,,,,,,,,,,,,,,,,,,,,,,,,,,,,,,,,,,,,,,,,,,,,,,,,,,,,,,,,,,,,,,1,0,1,0,1,0,0,0,0,0,,>1,2,1,,1,0,1,0,0,0,0,0,0,,2,,0,0,0,1,"external comparator",4,"study design",1,"og study: 270-902;  multicenter prospective 13 pays;  justif RWD use: patients from RWD cohorts could roll over to trial;",2,,,,,,,,,,,,,,,,,,,,,,,,,,,,,,,,,,,,,,,,,,,,,,,,,,,,,,,,,,,,,,,,,,,,,,,,,,,,,,,,,,,,,,,,,,,,,,,,,,,,,,,,,,,,,,,,,,,,,,,,,,,,,,,,,,,,,,,,,,,,,,,,,,,,,
25,results,1,,,,,,,,,,,,,,,,,,,,,,,,,,,,,,,,,,,,,,,,,,,,,,,,,,,,,,,,,,,,,,,,,,,,,,,,,,,,,,,,,,,,,,,,,,,,,,,,,,,,,,,,,,,,,,,,,,,,,,,,,,,,,,,,,,,,,,,,,,,,,,,,,,,,,,,,,,,,,,,,,,,,,,,,,,,,,,,,,,,,,,,,,,,,,,,1,2,NR,NR,NR,NR,NR,7.6,7.5,1,,112,73,,1,1,0,0,1,0,0,,,,,4,,,,112,108.73,,NR,0,0,0,0,1,0,,4,,2,,1,1,1,0,0,3,,,1,1,,1,1,,1,1,1,1,0,0,0,0,0,0,0,1,,"biais: selection bias, missing data",2
26,,,2,MD,"Safety and clinical outcome of tamoxifen in Duchenne muscular dystrophy",2021,0,0,israel,israel,0,"Neuromuscular disorders: NMD",1873-2364,"Hadassah Medical Organization",0,1,0,0,0,10.1016/j.nmd.2021.05.005,"Association Duchenne Israel == funding;",2,2,,,0,0,0,0,0,,0,0,0,1,0,,0,1,0,0,0,0,"duchenne muscular dystrophy",8C70.1,tamoxifen,L02BA01,1,0,0,0,0,,NCT02835079,,,,1,1,1,0,0,0,0,,,0,0,0,0,0,0,0,,3,,1,G71.01;,2,,,,,,,,,,,,,,,,,,,,,,,,,,,,,,,,,,,,,,4,,2,0,N/A,,0,0,1,0,3,,,,,,,1,1,,2,0,0,1,0,,0,0,1,0,,0,1,0,,NR,4,,0,0,0,1,0,,NR,3,,,,0,0,0,0,0,1,0,,,0,0,1,0,,0,0,0,0,0,1,0,0,0,0,,"infos sur outcomes dans les resultats;  exclusion of some participants for some analysis;",2,,,,,,,,,,,,,,,,,,,,,,,,,,,,,,,,,,,,,,,,,,,,,,,,,,,,,,,,,,,,,,,,,,,,,,,,,
26,control_arm,1,,,,,,,,,,,,,,,,,,,,,,,,,,,,,,,,,,,,,,,,,,,,,,,,,,,,,,,,,,,,,,,,,,,,,,,,,,,,,,1,0,1,0,1,0,0,0,0,0,,NR,2,1,,1,0,4,0,0,0,0,0,0,,2,,0,1,0,0,,3,,1,"""treated with corticosteroids only"";  aggregated data?;",2,,,,,,,,,,,,,,,,,,,,,,,,,,,,,,,,,,,,,,,,,,,,,,,,,,,,,,,,,,,,,,,,,,,,,,,,,,,,,,,,,,,,,,,,,,,,,,,,,,,,,,,,,,,,,,,,,,,,,,,,,,,,,,,,,,,,,,,,,,,,,,,,,,,,,
26,results,1,,,,,,,,,,,,,,,,,,,,,,,,,,,,,,,,,,,,,,,,,,,,,,,,,,,,,,,,,,,,,,,,,,,,,,,,,,,,,,,,,,,,,,,,,,,,,,,,,,,,,,,,,,,,,,,,,,,,,,,,,,,,,,,,,,,,,,,,,,,,,,,,,,,,,,,,,,,,,,,,,,,,,,,,,,,,,,,,,,,,,,,,,,,,,,,0,,2016,NR,NR,NR,NR,NR,NR,1,,13,13,,0,0,0,0,0,1,0,,,,,4,9,13,,,,,NR,0,0,0,1,0,0,,,,3,,3,,0,0,1,,,,1,3,,,3,,,,0,0,0,0,0,0,0,0,0,0,,"some analyses restricted to age range of the historical group;  le groupe controle change pr chq outcome??;  parfois age-matched parfois pas;  12 month fu for control group 3y for exp group;",2
27,,,2,MD,"Ruxolitinib plus standard of care in severe hospitalized adults with severe fever with thrombocytopenia syndrome (SFTS): an exploratory, single-arm trial",2024,0,0,china,china,0,"BMC medicine",1741-7015,NR,1,0,0,0,0,10.1186/s12916-024-03421-z,,2,2,,,0,0,0,0,0,,0,0,0,1,0,,0,0,0,1,1,0,"severe fever with thrombocytopenia syndrome",1D4E,ruxolitinib,L01EJ01,0,0,0,0,1,ChiCTR,,,,ChiCTR2200063759,1,1,1,1,0,0,0,,,0,0,0,0,0,0,0,,3,,1,1D4E,2,,,,,,,,,,,,,,,,,,,,,,,,,,,,,,,,,,,,,,4,,2,0,"overall survival up to day 28",,1,0,1,0,2,,,,,,,1,1,,10,0,0,0,1,confounder,0,0,1,0,,0,1,0,,1:1,3,,0,0,0,0,1,"fuzzy matching",0.02,3,,,,0,0,0,0,0,1,0,,,0,0,1,0,,0,0,0,0,0,1,0,0,0,0,,,2,,,,,,,,,,,,,,,,,,,,,,,,,,,,,,,,,,,,,,,,,,,,,,,,,,,,,,,,,,,,,,,,,,,,,,,,,
27,control_arm,1,,,,,,,,,,,,,,,,,,,,,,,,,,,,,,,,,,,,,,,,,,,,,,,,,,,,,,,,,,,,,,,,,,,,,,,,,,,,,,1,0,1,0,0,1,0,0,0,0,,1,1,1,,1,1,1,0,0,0,0,0,0,,2,,0,1,0,0,,3,,0,,2,,,,,,,,,,,,,,,,,,,,,,,,,,,,,,,,,,,,,,,,,,,,,,,,,,,,,,,,,,,,,,,,,,,,,,,,,,,,,,,,,,,,,,,,,,,,,,,,,,,,,,,,,,,,,,,,,,,,,,,,,,,,,,,,,,,,,,,,,,,,,,,,,,,,,
27,results,1,,,,,,,,,,,,,,,,,,,,,,,,,,,,,,,,,,,,,,,,,,,,,,,,,,,,,,,,,,,,,,,,,,,,,,,,,,,,,,,,,,,,,,,,,,,,,,,,,,,,,,,,,,,,,,,,,,,,,,,,,,,,,,,,,,,,,,,,,,,,,,,,,,,,,,,,,,,,,,,,,,,,,,,,,,,,,,,,,,,,,,,,,,,,,,,0,,2022,2023,2021,2022,NR,NR,NR,1,,26,26,,1,0,0,0,1,0,0,,,,,4,26,26,,,,,12,0,0,0,1,0,0,,,,3,,3,,0,0,1,,,,1,1,1,2,1,1,2,,1,0,0,1,0,0,1,0,0,0,,"pseudo population identique a la baseline??;  12 vars dans PS model d'apres l'appendix??;",1
28,,,2,MD,"Efficacy and safety of a reduced dose of plerixafor in combination with granulocyte colony-stimulating factor in healthy haploidentical stem cell donors",2022,0,0,russia,russia,0,"Vox Sanguinis",1423-0410,NR,0,0,1,0,0,10.1111/vox.13266,"A EXCLURE: control != RWD",2,2,,,0,0,0,0,0,,0,0,0,1,0,,1,1,1,0,0,0,"malignant; non malignant diseases",NA,plerixafor,L03AX16,0,0,0,1,0,,,,,,1,1,0,0,0,1,0,,,0,0,0,0,0,0,0,,3,,1,"healthy donors == parents; receivers == pediatric pop;",2,,,,,,,,,,,,,,,,,,,,,,,,,,,,,,,,,,,,,,4,,2,0,"difference in number of cd34 cells  on days 4 and 5 post mobilization",,0,0,1,0,3,,,,,,,0,,,,0,0,0,0,,0,0,0,0,,0,0,0,,,,,0,0,0,0,0,,,,,,,0,0,0,0,0,0,0,,,0,0,0,0,,0,0,0,0,0,1,0,0,0,0,,,2,,,,,,,,,,,,,,,,,,,,,,,,,,,,,,,,,,,,,,,,,,,,,,,,,,,,,,,,,,,,,,,,,,,,,,,,,
28,control_arm,1,,,,,,,,,,,,,,,,,,,,,,,,,,,,,,,,,,,,,,,,,,,,,,,,,,,,,,,,,,,,,,,,,,,,,,,,,,,,,,1,0,1,0,0,1,0,0,0,0,,1,1,1,,1,1,5,0,0,0,0,0,0,,2,,0,1,0,0,,3,,1,"""historical group"" avant 2018;",2,,,,,,,,,,,,,,,,,,,,,,,,,,,,,,,,,,,,,,,,,,,,,,,,,,,,,,,,,,,,,,,,,,,,,,,,,,,,,,,,,,,,,,,,,,,,,,,,,,,,,,,,,,,,,,,,,,,,,,,,,,,,,,,,,,,,,,,,,,,,,,,,,,,,,
28,results,1,,,,,,,,,,,,,,,,,,,,,,,,,,,,,,,,,,,,,,,,,,,,,,,,,,,,,,,,,,,,,,,,,,,,,,,,,,,,,,,,,,,,,,,,,,,,,,,,,,,,,,,,,,,,,,,,,,,,,,,,,,,,,,,,,,,,,,,,,,,,,,,,,,,,,,,,,,,,,,,,,,,,,,,,,,,,,,,,,,,,,,,,,,,,,,,1,2,2018,NR,2012,2021,NR,NR,NR,1,,105,106,,0,0,0,0,0,1,0,,105,106,,,,,,,,,,0,0,0,0,0,0,,,,,,,,0,0,0,,,,,3,,,3,,,,0,0,0,0,0,0,0,0,0,0,,"analyses en sous groupes non prevues",2
29,,,2,MD,"Nasal spray of an IgM-like ACE2 fusion protein HH-120 accelerates SARS-CoV-2 clearance: A single-center propensity score-matched cohort study",2023,1,0,china,china,1,"Journal of Medical Virology",1096-9071,"Beijing Ditan Hospital",1,0,0,0,0,10.1002/jmv.28805,,2,2,,,0,0,0,0,0,,0,0,0,1,0,,0,0,0,1,1,0,"covid 19",RA01.0,"IgM‐like ACE2 fusion protein HH‐120",,1,0,0,0,0,,NCT05659602,,,,1,1,0,0,0,1,0,,,0,0,0,0,0,0,0,,4,"first confirmed positive test",1,"IgM‐like oligomerized ACE2 fusion protein (named HH‐120) nasal spray;",2,,,,,,,,,,,,,,,,,,,,,,,,,,,,,,,,,,,,,,4,,2,0,"median viral clearance time",,1,0,1,0,3,,,,,,,1,1,,5,0,0,1,0,,0,0,1,0,,0,1,0,,1:2,3,,1,0,0,0,0,,0.2,3,,,,0,1,0,0,0,0,0,,0.1,0,1,0,0,,0,0,0,0,0,1,0,0,0,0,,"autre cdjp == proportion of participants who achieved viral clearance at given time point",2,,,,,,,,,,,,,,,,,,,,,,,,,,,,,,,,,,,,,,,,,,,,,,,,,,,,,,,,,,,,,,,,,,,,,,,,,
29,control_arm,1,,,,,,,,,,,,,,,,,,,,,,,,,,,,,,,,,,,,,,,,,,,,,,,,,,,,,,,,,,,,,,,,,,,,,,,,,,,,,,1,0,1,0,0,1,0,0,0,0,,1,1,1,,1,0,1,0,0,0,0,0,0,,1,1,1,0,0,0,,3,,0,"SOC only;  index date time from  the first confirmed positive nasopharyngeal swab NAAT result??;",2,,,,,,,,,,,,,,,,,,,,,,,,,,,,,,,,,,,,,,,,,,,,,,,,,,,,,,,,,,,,,,,,,,,,,,,,,,,,,,,,,,,,,,,,,,,,,,,,,,,,,,,,,,,,,,,,,,,,,,,,,,,,,,,,,,,,,,,,,,,,,,,,,,,,,
29,results,1,,,,,,,,,,,,,,,,,,,,,,,,,,,,,,,,,,,,,,,,,,,,,,,,,,,,,,,,,,,,,,,,,,,,,,,,,,,,,,,,,,,,,,,,,,,,,,,,,,,,,,,,,,,,,,,,,,,,,,,,,,,,,,,,,,,,,,,,,,,,,,,,,,,,,,,,,,,,,,,,,,,,,,,,,,,,,,,,,,,,,,,,,,,,,,,0,,2022,2022,NR,NR,NR,NR,NR,1,,67,152,,1,0,0,0,0,0,0,,,,,4,65,103,,,,,5,0,0,0,1,0,0,,,,1,1,2,,0,1,0,4,,,1,1,1,2,1,1,2,,0,0,0,0,0,0,0,0,0,0,,"exp arm recrutement aug to oct;  overlap achieved?? cf supp;",1
30,,,2,MD,"Quality of life, mood and seizure control in patients with brain tumor related epilepsy treated with lacosamide as add-on therapy: A prospective explorative study with a historical control group",2017,0,0,italy,italy,1,"Epilepsy & Behavior: E&B",1525-5069,NR,0,1,0,0,0,10.1016/j.yebeh.2017.05.031,,2,2,,,0,0,0,0,0,,0,0,0,1,0,,0,0,0,1,1,0,"astrocytoma; oligodendroglioma; multiform glioblastoma; cerebral lymphoma ","XH6PH6; XH7W59; 2A00.0; 2A81.5",lacosamide,N03AX18,0,0,0,1,0,,,,,,NR,1,0,0,0,1,0,,,0,0,0,0,0,0,0,,1,,0,"add-on therapy (descr des therapies employees)??;",2,,,,,,,,,,,,,,,,,,,,,,,,,,,,,,,,,,,,,,4,,2,0,"6 month seizure control rate",,0,1,1,0,1,,0.05,0.8,22,NR,1,0,,,,0,0,0,0,,0,0,0,0,,0,0,0,,,,,0,0,0,0,0,,,,,,,0,0,0,0,0,0,0,,,0,0,0,0,,0,0,0,0,0,1,0,0,0,0,,,2,,,,,,,,,,,,,,,,,,,,,,,,,,,,,,,,,,,,,,,,,,,,,,,,,,,,,,,,,,,,,,,,,,,,,,,,,
30,control_arm,1,,,,,,,,,,,,,,,,,,,,,,,,,,,,,,,,,,,,,,,,,,,,,,,,,,,,,,,,,,,,,,,,,,,,,,,,,,,,,,1,0,1,0,0,0,0,0,1,0,,1,1,1,,1,0,5,0,0,0,0,0,0,,2,,0,1,0,0,,3,,1,"cf results info bras rwd",2,,,,,,,,,,,,,,,,,,,,,,,,,,,,,,,,,,,,,,,,,,,,,,,,,,,,,,,,,,,,,,,,,,,,,,,,,,,,,,,,,,,,,,,,,,,,,,,,,,,,,,,,,,,,,,,,,,,,,,,,,,,,,,,,,,,,,,,,,,,,,,,,,,,,,
30,results,1,,,,,,,,,,,,,,,,,,,,,,,,,,,,,,,,,,,,,,,,,,,,,,,,,,,,,,,,,,,,,,,,,,,,,,,,,,,,,,,,,,,,,,,,,,,,,,,,,,,,,,,,,,,,,,,,,,,,,,,,,,,,,,,,,,,,,,,,,,,,,,,,,,,,,,,,,,,,,,,,,,,,,,,,,,,,,,,,,,,,,,,,,,,,,,,1,2,NR,NR,2001,2006,5.8,NR,NR,1,,25,19,,0,0,0,0,1,0,0,,22,19,,,,,,,,,,0,0,0,0,0,0,,,,,,,,0,0,0,,,,,1,2,2,1,2,2,,0,0,0,0,0,0,0,0,0,0,,"infos hist control issu de 10.1007/s11060-006-9162-9",2
31,,,2,MD,"Camrelizumab plus platinum-irinotecan followed by maintenance camrelizumab plus apatinib in untreated extensive-stage small-cell lung cancer: a nonrandomized clinical trial",2023,0,0,china,china,0,"Frontiers in Immunology",1664-3224,"hengrui medicine",0,1,0,0,0,10.3389/fimmu.2023.1168879,,2,2,,,0,0,0,0,0,,0,0,0,0,1,"preliminary study",0,0,0,1,1,0,"extensive stage small cell lung cancer",2C25.1,"camrelizumab plus platinum irinotecan",,1,0,0,0,0,,NCT04453930,,,,1,1,0,0,0,1,0,,,0,0,0,0,0,0,0,,3,,0,"L01CE02: irinotecan + manque code camrelizumab ",2,,,,,,,,,,,,,,,,,,,,,,,,,,,,,,,,,,,,,,4,,2,0,"progression free survival",,1,0,1,0,3,,,,,,,1,5,,NR,0,0,1,0,,0,0,1,0,,0,1,0,,,,,0,0,0,0,0,,,,,,,0,0,0,0,0,1,0,,,0,0,1,0,,0,0,0,0,0,1,0,0,0,0,,"analyses en sous groupe pr les differents endpoints;",2,,,,,,,,,,,,,,,,,,,,,,,,,,,,,,,,,,,,,,,,,,,,,,,,,,,,,,,,,,,,,,,,,,,,,,,,,
31,control_arm,1,,,,,,,,,,,,,,,,,,,,,,,,,,,,,,,,,,,,,,,,,,,,,,,,,,,,,,,,,,,,,,,,,,,,,,,,,,,,,,1,0,1,0,0,0,1,0,0,0,,1,1,1,,1,0,4,0,0,0,0,0,0,,2,,0,1,0,0,,3,,1,,2,,,,,,,,,,,,,,,,,,,,,,,,,,,,,,,,,,,,,,,,,,,,,,,,,,,,,,,,,,,,,,,,,,,,,,,,,,,,,,,,,,,,,,,,,,,,,,,,,,,,,,,,,,,,,,,,,,,,,,,,,,,,,,,,,,,,,,,,,,,,,,,,,,,,,
31,results,1,,,,,,,,,,,,,,,,,,,,,,,,,,,,,,,,,,,,,,,,,,,,,,,,,,,,,,,,,,,,,,,,,,,,,,,,,,,,,,,,,,,,,,,,,,,,,,,,,,,,,,,,,,,,,,,,,,,,,,,,,,,,,,,,,,,,,,,,,,,,,,,,,,,,,,,,,,,,,,,,,,,,,,,,,,,,,,,,,,,,,,,,,,,,,,,0,,2020,2021,2013,2021,12.1,NR,NR,1,,19,34,,1,0,0,0,1,0,0,,19,34,,4,,,,,,,NR,0,0,0,1,0,0,,,,3,,3,,0,0,1,,,,1,1,1,2,1,1,2,,1,0,0,1,0,0,0,0,0,0,,"significative analysis == subgroup analyses??;  bias: unrandomized + single center + small ss + retrospective control;",2
32,,,2,MD,"A Non-Comparative Prospective Pilot Study of Ketamine for Sedation in Adult Septic Shock",2018,0,0,usa,usa,2,"Military Medicine",1930-613X,NR,0,0,0,1,0,10.1093/milmed/usy121,"pas de section conflit d'interet;",2,2,,,0,0,0,0,0,,0,0,0,0,1,"pilot study",0,0,0,1,1,0,"septic schock",1G41,ketamine,N01AX03,0,0,0,1,0,,,,,,1,1,0,0,0,1,0,,,0,0,0,0,0,0,0,,3,,1,,2,,,,,,,,,,,,,,,,,,,,,,,,,,,,,,,,,,,,,,4,,2,0,"dose of vasopressor required at several time points",,0,0,0,1,2,,,,,,,0,,,,0,0,0,0,,0,0,0,0,,0,0,0,,,,,0,0,0,0,0,,,,,,,0,0,0,0,0,0,0,,,0,0,0,0,,0,0,0,0,0,1,0,0,0,0,,,2,,,,,,,,,,,,,,,,,,,,,,,,,,,,,,,,,,,,,,,,,,,,,,,,,,,,,,,,,,,,,,,,,,,,,,,,,
32,control_arm,1,,,,,,,,,,,,,,,,,,,,,,,,,,,,,,,,,,,,,,,,,,,,,,,,,,,,,,,,,,,,,,,,,,,,,,,,,,,,,,1,0,1,0,0,1,0,0,0,0,,1,1,1,,1,1,1,0,0,0,0,0,0,,2,,0,1,0,0,,3,,0,,2,,,,,,,,,,,,,,,,,,,,,,,,,,,,,,,,,,,,,,,,,,,,,,,,,,,,,,,,,,,,,,,,,,,,,,,,,,,,,,,,,,,,,,,,,,,,,,,,,,,,,,,,,,,,,,,,,,,,,,,,,,,,,,,,,,,,,,,,,,,,,,,,,,,,,
32,results,1,,,,,,,,,,,,,,,,,,,,,,,,,,,,,,,,,,,,,,,,,,,,,,,,,,,,,,,,,,,,,,,,,,,,,,,,,,,,,,,,,,,,,,,,,,,,,,,,,,,,,,,,,,,,,,,,,,,,,,,,,,,,,,,,,,,,,,,,,,,,,,,,,,,,,,,,,,,,,,,,,,,,,,,,,,,,,,,,,,,,,,,,,,,,,,,1,1,2012,2015,2010,2011,NR,NR,NR,1,,17,29,,1,0,0,0,1,0,0,,17,29,,,,,,,,,,0,0,0,0,0,0,,,,,,,,0,0,0,,,,,2,,,2,,,,1,1,0,1,0,0,0,0,0,1,,,2
33,,,2,MD,"Ruxolitinib in severe COVID-19: Results of a multicenter, prospective, single arm, open-label clinical study to investigate the efficacy and safety of ruxolitinib in patients with COVID-19 and severe acute respiratory syndrome",2021,0,0,argentina,argentina,0,"Revista De La Facultad De Ciencias Medicas (Cordoba, Argentina)",1853-0605,"Marcelo Iastrebner",0,0,1,0,0,10.31053/1853.0605.v78.n3.32800,,2,2,,,0,0,0,0,0,,0,1,0,0,0,,0,0,0,1,1,0,"covid 19",RA01.0,ruxolitinib,L01EJ01,1,0,0,0,0,,NCT04414098,,,,3,1,0,0,0,1,0,,,0,0,0,0,0,0,0,,3,,0,"soc + add on;",2,,,,,,,,,,,,,,,,,,,,,,,,,,,,,,,,,,,,,,4,,2,0,"proportion of patients with acute respiratory syndrome becoming critically ill",,0,0,1,0,2,,,,,,,0,,,,0,0,0,0,,0,0,0,0,,0,0,0,,,,,0,0,0,0,0,,,,,,,0,0,0,0,0,0,0,,,0,0,0,0,,0,0,0,0,0,1,0,0,0,0,,,2,,,,,,,,,,,,,,,,,,,,,,,,,,,,,,,,,,,,,,,,,,,,,,,,,,,,,,,,,,,,,,,,,,,,,,,,,
33,control_arm,1,,,,,,,,,,,,,,,,,,,,,,,,,,,,,,,,,,,,,,,,,,,,,,,,,,,,,,,,,,,,,,,,,,,,,,,,,,,,,,1,0,1,0,0,0,1,0,0,0,,1,1,1,,1,0,1,0,0,0,0,0,0,,2,,0,1,0,0,,3,,1,"soc cohort;",2,,,,,,,,,,,,,,,,,,,,,,,,,,,,,,,,,,,,,,,,,,,,,,,,,,,,,,,,,,,,,,,,,,,,,,,,,,,,,,,,,,,,,,,,,,,,,,,,,,,,,,,,,,,,,,,,,,,,,,,,,,,,,,,,,,,,,,,,,,,,,,,,,,,,,
33,results,1,,,,,,,,,,,,,,,,,,,,,,,,,,,,,,,,,,,,,,,,,,,,,,,,,,,,,,,,,,,,,,,,,,,,,,,,,,,,,,,,,,,,,,,,,,,,,,,,,,,,,,,,,,,,,,,,,,,,,,,,,,,,,,,,,,,,,,,,,,,,,,,,,,,,,,,,,,,,,,,,,,,,,,,,,,,,,,,,,,,,,,,,,,,,,,,1,1,2020,2020,NR,NR,NR,NR,NR,1,,54,51,,1,0,0,0,1,0,0,,51,51,,,,,,,,,,0,0,0,0,0,0,,,,,,,,0,0,0,,,,,2,,,2,,,,0,0,0,0,0,0,0,0,0,0,,"exp arm enrollment june to november;",2
34,,,2,MD,"An Open Label Trial to Assess Safety of Losartan for Treating Worsening Respiratory Illness in COVID-19",2021,0,0,usa,usa,1,"Frontiers in Medicine",2296-858X,"University of Kansas Medical Center",1,0,0,0,0,10.3389/fmed.2021.630209,,2,2,,,0,0,0,0,0,,0,0,0,1,0,,0,0,0,1,1,0,"covid 19",RA01.0,losartan,C09CA01,1,0,0,0,0,,NCT04335123,,,,1,1,0,0,0,1,0,,,0,0,0,0,0,0,0,,3,,0,,2,,,,,,,,,,,,,,,,,,,,,,,,,,,,,,,,,,,,,,4,,2,0,"cumulative number of adverse events",,0,0,1,0,2,,,,,,,1,1,,NR,0,0,1,0,,0,0,1,0,,0,1,0,,1:1,3,,1,0,0,0,0,,NR,3,,,,0,0,0,0,0,0,1,"planned but no details",,0,0,0,1,"planned but no details",0,0,0,1,0,0,0,0,0,0,,,2,,,,,,,,,,,,,,,,,,,,,,,,,,,,,,,,,,,,,,,,,,,,,,,,,,,,,,,,,,,,,,,,,,,,,,,,,
34,control_arm,1,,,,,,,,,,,,,,,,,,,,,,,,,,,,,,,,,,,,,,,,,,,,,,,,,,,,,,,,,,,,,,,,,,,,,,,,,,,,,,1,0,1,0,0,1,0,0,0,0,,1,1,1,,1,0,1,0,0,0,0,0,0,,1,0,1,0,0,1,"post hoc",3,,0,,2,,,,,,,,,,,,,,,,,,,,,,,,,,,,,,,,,,,,,,,,,,,,,,,,,,,,,,,,,,,,,,,,,,,,,,,,,,,,,,,,,,,,,,,,,,,,,,,,,,,,,,,,,,,,,,,,,,,,,,,,,,,,,,,,,,,,,,,,,,,,,,,,,,,,,
34,results,1,,,,,,,,,,,,,,,,,,,,,,,,,,,,,,,,,,,,,,,,,,,,,,,,,,,,,,,,,,,,,,,,,,,,,,,,,,,,,,,,,,,,,,,,,,,,,,,,,,,,,,,,,,,,,,,,,,,,,,,,,,,,,,,,,,,,,,,,,,,,,,,,,,,,,,,,,,,,,,,,,,,,,,,,,,,,,,,,,,,,,,,,,,,,,,,0,,2020,NR,NR,NR,NR,NR,NR,1,,34,46,,1,0,0,0,1,0,0,,,,,4,30,30,,,,,NR,0,0,0,0,1,0,,,,2,,2,,0,0,1,,,,1,1,1,3,1,1,2,2,1,0,0,0,0,1,0,0,0,1,"time dependant bias patient enrollment","baseline: comparent les individus conserves par PSM avant matching??;  balance and overlap not achieved (cf discussion);",2
35,,,2,MD,"Sitagliptin compared with thiazolidinediones as a third-line oral antihyperglycemic agent in type 2 diabetes mellitus",2011,0,0,usa,usa,2,"Endocrine Practice: Official Journal of the American College of Endocrinology and the American Association of Clinical Endocrinologists",1934-2403,NR,1,1,0,0,0,10.4158/EP10405.OR,"pas de declaration de conflits d'interet;",2,2,,,0,0,0,0,0,,0,0,0,1,0,,0,0,0,1,1,0,"type 2 diabetes mellitus",5A11,sitagliptin,A10BH01,0,0,0,1,0,,,,,,1,1,0,0,0,0,1,"legal issues",,0,0,0,0,0,0,0,,3,,0,,2,,,,,,,,,,,,,,,,,,,,,,,,,,,,,,,,,,,,,,4,,2,0,"change from baseline in hba1c",,0,0,1,0,1,,0.05,0.8,100,NR,1,1,5,,1,0,0,1,0,,0,0,1,0,,0,1,0,,,,,0,0,0,0,0,,,,,,,0,0,0,0,0,1,0,,,0,0,1,0,,0,0,0,0,0,1,0,0,0,0,,"autre cdjp == between group difference in hba1c",2,,,,,,,,,,,,,,,,,,,,,,,,,,,,,,,,,,,,,,,,,,,,,,,,,,,,,,,,,,,,,,,,,,,,,,,,,
35,control_arm,1,,,,,,,,,,,,,,,,,,,,,,,,,,,,,,,,,,,,,,,,,,,,,,,,,,,,,,,,,,,,,,,,,,,,,,,,,,,,,,1,0,1,0,0,1,0,0,0,0,,1,1,1,,1,0,5,0,0,0,0,0,0,,2,,0,1,0,0,,7,,1,"thiazolidinediones;  data issues d'une autre publi mais meme equipe donc ont les ipd + bonne source ""chart review"" 10.2337/dc06-0494;",2,,,,,,,,,,,,,,,,,,,,,,,,,,,,,,,,,,,,,,,,,,,,,,,,,,,,,,,,,,,,,,,,,,,,,,,,,,,,,,,,,,,,,,,,,,,,,,,,,,,,,,,,,,,,,,,,,,,,,,,,,,,,,,,,,,,,,,,,,,,,,,,,,,,,,
35,results,1,,,,,,,,,,,,,,,,,,,,,,,,,,,,,,,,,,,,,,,,,,,,,,,,,,,,,,,,,,,,,,,,,,,,,,,,,,,,,,,,,,,,,,,,,,,,,,,,,,,,,,,,,,,,,,,,,,,,,,,,,,,,,,,,,,,,,,,,,,,,,,,,,,,,,,,,,,,,,,,,,,,,,,,,,,,,,,,,,,,,,,,,,,,,,,,0,,2007,2010,NR,NR,NR,NR,NR,1,,108,104,,1,0,0,0,1,0,0,,102,104,,4,,,,,,,NR,0,0,0,0,1,0,,,,3,,3,,0,0,1,,,,1,1,1,2,1,1,2,,0,0,0,0,0,0,0,0,0,0,,"faux biais",2
36,,,2,MD,"Intermittent tri-weekly docetaxel plus bicalutamide in patients with castration-resistant prostate cancer: a single-arm prospective study using a historical control for comparison",2013,0,0,china,china,0,"Asian Journal of Andrology",1745-7262,NR,0,0,0,1,0,10.1038/aja.2013.89,,2,2,,,0,0,0,0,0,,0,0,0,1,0,,0,0,0,0,0,1,"castration resistant prostate cancer",2C82,bicalutamide,"L02BB03 ",0,0,0,1,0,,,,,,1,1,0,0,0,1,0,,,0,0,0,0,0,0,0,,3,,1,"ttt == DTX + BCL;",2,,,,,,,,,,,,,,,,,,,,,,,,,,,,,,,,,,,,,,4,,2,0,N/A,,1,1,1,0,3,,,,,,,0,,,,0,0,0,0,,0,0,0,0,,0,0,0,,,,,0,0,0,0,0,,,,,,,0,0,0,0,0,0,0,,,0,0,0,0,,0,0,0,0,0,1,0,0,0,0,,"no primary endpoint;",2,,,,,,,,,,,,,,,,,,,,,,,,,,,,,,,,,,,,,,,,,,,,,,,,,,,,,,,,,,,,,,,,,,,,,,,,,
36,control_arm,1,,,,,,,,,,,,,,,,,,,,,,,,,,,,,,,,,,,,,,,,,,,,,,,,,,,,,,,,,,,,,,,,,,,,,,,,,,,,,,1,0,3,0,0,1,0,0,0,0,,1,1,1,,1,0,1,0,0,0,0,0,0,,2,,0,1,0,0,,3,,1,"ttt == DTX;  0 info sur control group;",2,,,,,,,,,,,,,,,,,,,,,,,,,,,,,,,,,,,,,,,,,,,,,,,,,,,,,,,,,,,,,,,,,,,,,,,,,,,,,,,,,,,,,,,,,,,,,,,,,,,,,,,,,,,,,,,,,,,,,,,,,,,,,,,,,,,,,,,,,,,,,,,,,,,,,
36,results,1,,,,,,,,,,,,,,,,,,,,,,,,,,,,,,,,,,,,,,,,,,,,,,,,,,,,,,,,,,,,,,,,,,,,,,,,,,,,,,,,,,,,,,,,,,,,,,,,,,,,,,,,,,,,,,,,,,,,,,,,,,,,,,,,,,,,,,,,,,,,,,,,,,,,,,,,,,,,,,,,,,,,,,,,,,,,,,,,,,,,,,,,,,,,,,,0,,2007,2012,NR,NR,20,NR,NR,1,,42,60,,1,0,0,0,1,0,0,,42,60,,,,,,,,,,0,0,0,0,0,0,,,,,,,,0,0,0,,,,,2,,,2,,,,1,0,0,1,0,0,0,0,0,0,,,2
37,,,2,MD,"Effect of Vonoprazan on Delayed Bleeding after Endoscopic Submucosal Dissection for Gastric Neoplasia among Antithrombotic Drug Users: A Single-Center, Single-Arm Prospective Observational Case Control Study",2020,0,0,japan,japan,0,"Acta Medica Okayama",0386-300X,NR,0,0,0,1,0,10.18926/AMO/59958,,2,2,,,0,0,0,0,0,,0,0,0,0,1,"pilot study",0,0,0,1,1,0,"gastric cancer",2B72,vonoprazan,A02BC08,0,0,0,0,1,UMIN,,,,UMIN000029300,1,1,0,0,0,1,0,,,0,0,0,0,0,0,0,,3,,1,"pilot study precise dans discussion",2,,,,,,,,,,,,,,,,,,,,,,,,,,,,,,,,,,,,,,4,,1,,"incidence of delayed bleeding",,0,0,0,1,3,,,,,,,0,,,,0,0,0,0,,0,0,0,0,,0,0,0,,,,,0,0,0,0,0,,,,,,,0,0,0,0,0,0,0,,,0,0,0,0,,0,0,0,0,0,1,0,0,0,0,,,2,,,,,,,,,,,,,,,,,,,,,,,,,,,,,,,,,,,,,,,,,,,,,,,,,,,,,,,,,,,,,,,,,,,,,,,,,
37,control_arm,1,,,,,,,,,,,,,,,,,,,,,,,,,,,,,,,,,,,,,,,,,,,,,,,,,,,,,,,,,,,,,,,,,,,,,,,,,,,,,,1,0,3,0,0,1,0,0,0,0,,1,1,1,,1,1,1,0,0,0,0,0,0,,2,,0,1,0,0,,3,,1,"on deduit que c'est le meme centre en lisant;",2,,,,,,,,,,,,,,,,,,,,,,,,,,,,,,,,,,,,,,,,,,,,,,,,,,,,,,,,,,,,,,,,,,,,,,,,,,,,,,,,,,,,,,,,,,,,,,,,,,,,,,,,,,,,,,,,,,,,,,,,,,,,,,,,,,,,,,,,,,,,,,,,,,,,,
37,results,1,,,,,,,,,,,,,,,,,,,,,,,,,,,,,,,,,,,,,,,,,,,,,,,,,,,,,,,,,,,,,,,,,,,,,,,,,,,,,,,,,,,,,,,,,,,,,,,,,,,,,,,,,,,,,,,,,,,,,,,,,,,,,,,,,,,,,,,,,,,,,,,,,,,,,,,,,,,,,,,,,,,,,,,,,,,,,,,,,,,,,,,,,,,,,,,1,1,2017,2018,2014,2016,NR,NR,NR,1,,50,116,,1,0,0,0,1,0,0,,50,116,,,,,,,,,,0,0,0,0,0,0,,,,,,,,0,0,0,,,,,2,,,2,,,,1,0,0,1,0,0,0,0,0,1,,"selection bias",2
39,,,0,MD,"Concomitant nevirapine impacts pharmacokinetic exposure to the antimalarial artemether-lumefantrine in African children",2017,0,0,usa,usa,0,"PloS One",1932-6203,NR,1,0,0,0,0,10.1371/journal.pone.0186589,"A EXCLURE: controle issu RCT",2,,,,0,0,0,0,0,,0,0,0,0,0,,0,1,1,0,0,0,"malaria co infection hiv",1C61,,,1,0,0,0,0,,NCT01728961,,,,3,,0,0,0,0,0,,,0,0,0,0,0,0,0,,,,,,0,,,,,,,,,,,,,,,,,,,,,,,,,,,,,,,,,,,,,,,,,,,,0,0,0,0,1,,0.05,0.8,24,24,1,,,,,0,0,0,0,,0,0,0,0,,0,0,0,,,,,0,0,0,0,0,,,,,,,0,0,0,0,0,0,0,,,0,0,0,0,,0,0,0,0,0,0,0,0,0,0,,,0,,,,,,,,,,,,,,,,,,,,,,,,,,,,,,,,,,,,,,,,,,,,,,,,,,,,,,,,,,,,,,,,,,,,,,,,,
39,control_arm,1,,,,,,,,,,,,,,,,,,,,,,,,,,,,,,,,,,,,,,,,,,,,,,,,,,,,,,,,,,,,,,,,,,,,,,,,,,,,,,,,,0,0,0,0,0,0,0,,,,,,,,,0,0,0,0,0,0,,,,0,0,0,0,,,,,,0,,,,,,,,,,,,,,,,,,,,,,,,,,,,,,,,,,,,,,,,,,,,,,,,,,,,,,,,,,,,,,,,,,,,,,,,,,,,,,,,,,,,,,,,,,,,,,,,,,,,,,,,,,,,,,,,,,,,,,,,,,,,,,,,,,,,,,,,,,,,,,,,,,,,,
39,results,1,,,,,,,,,,,,,,,,,,,,,,,,,,,,,,,,,,,,,,,,,,,,,,,,,,,,,,,,,,,,,,,,,,,,,,,,,,,,,,,,,,,,,,,,,,,,,,,,,,,,,,,,,,,,,,,,,,,,,,,,,,,,,,,,,,,,,,,,,,,,,,,,,,,,,,,,,,,,,,,,,,,,,,,,,,,,,,,,,,,,,,,,,,,,,,,,,,,,,,,,,,,,,1,0,0,0,0,0,0,,,,,,,,,,,,,0,0,0,0,0,0,,,,,,,,0,0,0,,,,,,,,,,,,,0,0,0,0,0,0,0,0,0,,,0
40,,,2,MD,"Impact of adding tacrolimus to initial treatment of interstitial pneumonitis in polymyositis/dermatomyositis: a single-arm clinical trial",2020,0,1,japan,japan,1,"Rheumatology (Oxford, England)",1462-0332,"Tokyo Medical and Dental University",1,0,0,0,0,10.1093/rheumatology/kez394,"Pas dans les affiliations mais une CRO a fait les analyses stats;",2,2,,,0,0,0,0,0,,0,0,0,1,0,,0,0,1,1,1,0,"interstitial pneumonia",CB03,tacrolimus,L04AD02,1,0,0,0,0,,NCT00504348,,,,11,1,0,1,0,0,0,,,0,0,0,0,0,0,0,,3,,0,,2,,,,,,,,,,,,,,,,,,,,,,,,,,,,,,,,,,,,,,4,,2,0,"overall survival",,1,0,1,0,2,,,,,,,0,,,,0,0,0,0,,0,0,0,0,,0,0,0,,,,,0,0,0,0,0,,,,,,,0,0,0,0,0,0,0,,,0,0,0,0,,0,0,0,1,0,0,0,0,0,0,,"planned matching but ""sample size of the control arm to small"" nani they planned to do PSM;  sens an: change censorship status in pfs analysis;",2,,,,,,,,,,,,,,,,,,,,,,,,,,,,,,,,,,,,,,,,,,,,,,,,,,,,,,,,,,,,,,,,,,,,,,,,,
40,control_arm,1,,,,,,,,,,,,,,,,,,,,,,,,,,,,,,,,,,,,,,,,,,,,,,,,,,,,,,,,,,,,,,,,,,,,,,,,,,,,,,1,0,2,0,0,1,0,0,0,0,,11,1,1,,1,1,2,0,0,0,0,0,1,"less stringent physiology stuff ",2,,0,1,0,0,,5,,1,,2,,,,,,,,,,,,,,,,,,,,,,,,,,,,,,,,,,,,,,,,,,,,,,,,,,,,,,,,,,,,,,,,,,,,,,,,,,,,,,,,,,,,,,,,,,,,,,,,,,,,,,,,,,,,,,,,,,,,,,,,,,,,,,,,,,,,,,,,,,,,,,,,,,,,,
40,results,1,,,,,,,,,,,,,,,,,,,,,,,,,,,,,,,,,,,,,,,,,,,,,,,,,,,,,,,,,,,,,,,,,,,,,,,,,,,,,,,,,,,,,,,,,,,,,,,,,,,,,,,,,,,,,,,,,,,,,,,,,,,,,,,,,,,,,,,,,,,,,,,,,,,,,,,,,,,,,,,,,,,,,,,,,,,,,,,,,,,,,,,,,,,,,,,0,,2007,2009,2000,NR,NR,NR,NR,1,,25,16,,1,0,0,0,0,0,0,,25,16,,,,,,,,,,0,0,0,0,0,0,,,,,,,,0,0,0,,,,,3,,,3,,,,1,0,0,1,0,0,0,0,0,1,,"pas de comparaison formelle entre les groupes;",2
41,,,2,MD,"Efficacy of novel sedation using the combination of dexmedetomidine and midazolam during endoscopic submucosal dissection for esophageal squamous cell carcinoma",2019,0,0,japan,japan,0,"Esophagus: Official Journal of the Japan Esophageal Society",1612-9067,NR,0,0,0,1,0,10.1007/s10388-019-00666-z,,2,2,,,0,0,0,0,0,,0,0,0,1,0,,0,0,0,1,1,0,"esophageal squamous cell carcinoma",2B70.1,dexmedetomidine,N05CM18,0,0,0,0,1,UMIN,,,,UMIN000017302,1,1,0,0,0,1,0,,,0,0,0,0,0,0,0,,3,,1,"add on",2,,,,,,,,,,,,,,,,,,,,,,,,,,,,,,,,,,,,,,4,,2,0,"proportion of cases that did not need manual restraint",,0,1,0,0,1,,0.05,0.8,60,NR,1,0,,,,0,0,0,0,,0,0,0,0,,0,0,0,,,,,0,0,0,0,0,,,,,,,0,0,0,0,0,0,0,,,0,0,0,0,,0,0,0,0,0,1,0,0,0,0,,"les auteurs ne quantifient pas la différence.",2,,,,,,,,,,,,,,,,,,,,,,,,,,,,,,,,,,,,,,,,,,,,,,,,,,,,,,,,,,,,,,,,,,,,,,,,,
41,control_arm,1,,,,,,,,,,,,,,,,,,,,,,,,,,,,,,,,,,,,,,,,,,,,,,,,,,,,,,,,,,,,,,,,,,,,,,,,,,,,,,1,0,3,0,0,1,0,0,0,0,,1,1,1,,1,1,5,0,0,0,0,0,0,,2,,0,1,0,0,,3,,1,"on comprends que meme centre en lisant",2,,,,,,,,,,,,,,,,,,,,,,,,,,,,,,,,,,,,,,,,,,,,,,,,,,,,,,,,,,,,,,,,,,,,,,,,,,,,,,,,,,,,,,,,,,,,,,,,,,,,,,,,,,,,,,,,,,,,,,,,,,,,,,,,,,,,,,,,,,,,,,,,,,,,,
41,results,1,,,,,,,,,,,,,,,,,,,,,,,,,,,,,,,,,,,,,,,,,,,,,,,,,,,,,,,,,,,,,,,,,,,,,,,,,,,,,,,,,,,,,,,,,,,,,,,,,,,,,,,,,,,,,,,,,,,,,,,,,,,,,,,,,,,,,,,,,,,,,,,,,,,,,,,,,,,,,,,,,,,,,,,,,,,,,,,,,,,,,,,,,,,,,,,0,,2014,2015,2013,2013,NR,NR,NR,1,,65,99,,0,0,0,0,0,1,0,,65,99,,,,,,,,,,0,0,0,0,0,0,,,,,,,,0,0,0,,,,,3,,,1,1,2,,1,1,0,0,1,0,0,0,0,0,,,2
42,,,2,MD,"Ultra-Early Combination Antiplatelet Therapy with Cilostazol for the Prevention of Branch Atheromatous Disease: A Multicenter Prospective Study",2016,0,0,japan,japan,0,"Cerebrovascular Diseases Extra",1664-5456,NR,0,0,0,1,0,10.1159/000450835,,2,2,,,0,0,0,0,0,,0,0,0,1,0,,0,0,0,0,0,1,"branch atheromatous disease",8B11,"cilostazol plus aspirin or clopidogrel","B01AC23; B01AC06; B01AC04",0,0,0,1,0,,,,,,5,1,0,0,0,1,0,,,0,0,0,0,0,0,0,,3,,0,"bad is a subtype of ischemic stroke --> code tres general car pas de code pr BAD",2,,,,,,,,,,,,,,,,,,,,,,,,,,,,,,,,,,,,,,4,,2,0,"progression comparison between the 2 groups",,0,0,0,1,3,,,,,,,1,5,,NR,0,0,1,0,,0,0,0,1,"forward selection method",0,1,0,,,,,0,0,0,0,0,,,,,,,0,0,0,0,0,1,0,,,0,0,1,0,,0,0,0,0,0,1,0,0,0,0,,,2,,,,,,,,,,,,,,,,,,,,,,,,,,,,,,,,,,,,,,,,,,,,,,,,,,,,,,,,,,,,,,,,,,,,,,,,,
42,control_arm,1,,,,,,,,,,,,,,,,,,,,,,,,,,,,,,,,,,,,,,,,,,,,,,,,,,,,,,,,,,,,,,,,,,,,,,,,,,,,,,1,0,3,0,0,0,0,0,1,0,,NR,3,1,,1,0,5,0,0,0,0,0,0,,2,,0,1,0,0,,3,,1,,2,,,,,,,,,,,,,,,,,,,,,,,,,,,,,,,,,,,,,,,,,,,,,,,,,,,,,,,,,,,,,,,,,,,,,,,,,,,,,,,,,,,,,,,,,,,,,,,,,,,,,,,,,,,,,,,,,,,,,,,,,,,,,,,,,,,,,,,,,,,,,,,,,,,,,
42,results,1,,,,,,,,,,,,,,,,,,,,,,,,,,,,,,,,,,,,,,,,,,,,,,,,,,,,,,,,,,,,,,,,,,,,,,,,,,,,,,,,,,,,,,,,,,,,,,,,,,,,,,,,,,,,,,,,,,,,,,,,,,,,,,,,,,,,,,,,,,,,,,,,,,,,,,,,,,,,,,,,,,,,,,,,,,,,,,,,,,,,,,,,,,,,,,,1,1,2011,2014,NR,NR,NR,NR,NR,1,,144,142,,1,0,0,0,1,0,0,,144,142,,4,,,,,,,NR,0,0,0,0,1,0,,,,3,,3,,0,0,1,,,,1,3,,,3,,,,1,0,0,0,0,1,0,0,0,0,"referral bias","un milliard d'analyse incomprehensible;  pas de comparaison stat formelle;  ajustement : on dirait qu'ils essaient de trouver les facteurs pronostiques de l'outcome;  bias single arm design + non representativite des patients;",2
43,,,2,MD,"Recombinant human FGF-2 for the treatment of early-stage osteonecrosis of the femoral head: TRION, a single-arm, multicenter, Phase II trial",2021,0,0,japan,japan,0,"Regenerative Medicine",1746-076X,"Institute for Advancement of Clinical and Translational Research of Kyoto University",1,0,0,0,0,10.2217/rme-2021-0049,,2,2,,,0,0,0,0,0,,0,1,0,0,0,,0,0,0,0,0,1,"osteonecrosis of the femoral head",FB81.Z,"recombinant human FGF-2",,0,0,0,0,1,UMIN,,,,UMIN000020340,4,1,1,1,0,0,0,,,0,0,0,0,0,0,0,,3,,1,,2,,,,,,,,,,,,,,,,,,,,,,,,,,,,,,,,,,,,,,4,,2,0,"joint preservation rate at 24 months",,1,0,1,0,1,,0.05,0.9,56,NR,1,1,1,,4,0,0,1,0,,0,0,1,0,,0,1,0,,1:1,1,,0,0,0,0,1,"not applicable",NR,3,,,,0,0,0,0,0,1,0,,,0,0,1,0,,0,0,0,0,0,1,0,0,0,0,,,2,,,,,,,,,,,,,,,,,,,,,,,,,,,,,,,,,,,,,,,,,,,,,,,,,,,,,,,,,,,,,,,,,,,,,,,,,
43,control_arm,1,,,,,,,,,,,,,,,,,,,,,,,,,,,,,,,,,,,,,,,,,,,,,,,,,,,,,,,,,,,,,,,,,,,,,,,,,,,,,,1,0,2,0,0,0,1,0,0,0,,10,2,1,,1,1,4,0,0,0,0,0,0,,2,,0,1,0,0,,5,,1,"observation units == hips?;",2,,,,,,,,,,,,,,,,,,,,,,,,,,,,,,,,,,,,,,,,,,,,,,,,,,,,,,,,,,,,,,,,,,,,,,,,,,,,,,,,,,,,,,,,,,,,,,,,,,,,,,,,,,,,,,,,,,,,,,,,,,,,,,,,,,,,,,,,,,,,,,,,,,,,,
43,results,1,,,,,,,,,,,,,,,,,,,,,,,,,,,,,,,,,,,,,,,,,,,,,,,,,,,,,,,,,,,,,,,,,,,,,,,,,,,,,,,,,,,,,,,,,,,,,,,,,,,,,,,,,,,,,,,,,,,,,,,,,,,,,,,,,,,,,,,,,,,,,,,,,,,,,,,,,,,,,,,,,,,,,,,,,,,,,,,,,,,,,,,,,,,,,,,0,,2016,2016,2002,NR,NR,NR,NR,1,,63,268,,1,0,0,0,1,0,0,,,,,4,49,49,,,,,4,0,0,0,1,0,0,,,,1,1,3,,0,0,1,,,,1,1,1,2,1,1,2,,0,0,0,0,0,0,0,0,0,0,,"exp arm enrollment Fevrier Decembre;  analyses en sous groupe;",2
44,,,2,MD,"Therapeutic benefit of larotrectinib over the historical standard of care in patients with locally advanced or metastatic infantile fibrosarcoma (EPI VITRAKVI study)",2024,1,0,france,france,1,"ESMO open",2059-7029,"bayer healthcare sas",0,1,0,0,0,10.1016/j.esmoop.2024.103006,,2,1,4,,0,0,0,0,0,,1,1,0,0,0,,0,1,1,0,0,0,"locally advanced or metastatic infantile fibrosarcoma",XH7BC6,larotrectinib,L01EX12,1,0,0,0,0,,NCT05236257,,,,NR,1,1,0,0,0,0,,,0,0,0,0,0,0,0,,2,,0,"comp in name == EPI VITRAKVI NCT05236257;  OG study name == SCOUT NCT02637687;",2,,,,,,,,,,,,,,,,,,,,,,,,,,,,,,,,,,,,,,4,,2,0,"time to medical treatment failure",3,1,0,1,0,1,,NR,0.51,NR,NR,0,1,2,,6,0,0,1,0,,0,1,0,0,,0,1,0,,,,,0,0,0,0,0,,,,1,,0,0,0,0,0,0,1,0,,,0,0,1,0,,1,0,0,0,0,0,0,0,0,1,,"font vraiment de l'iptw;  other adjustment method == matching by line of therapy;  sens an:IPTW 5% trimming and truncating == other adj model + change of index date;",2,,,,,,,,,,,,,,,,,,,,,,,,,,,,,,,,,,,,,,,,,,,,,,,,,,,,,,,,,,,,,,,,,,,,,,,,,
44,control_arm,1,,,,,,,,,,,,,,,,,,,,,,,,,,,,,,,,,,,,,,,,,,,,,,,,,,,,,,,,,,,,,,,,,,,,,,,,,,,,,,1,0,2,1,0,0,0,0,0,0,,3,3,1,,1,1,4,0,0,0,0,0,0,,1,1,0,1,0,0,,6,,0,"""historical SOC"";  2 databases mais pas le nb de centres associes;",2,,,,,,,,,,,,,,,,,,,,,,,,,,,,,,,,,,,,,,,,,,,,,,,,,,,,,,,,,,,,,,,,,,,,,,,,,,,,,,,,,,,,,,,,,,,,,,,,,,,,,,,,,,,,,,,,,,,,,,,,,,,,,,,,,,,,,,,,,,,,,,,,,,,,,
44,results,1,,,,,,,,,,,,,,,,,,,,,,,,,,,,,,,,,,,,,,,,,,,,,,,,,,,,,,,,,,,,,,,,,,,,,,,,,,,,,,,,,,,,,,,,,,,,,,,,,,,,,,,,,,,,,,,,,,,,,,,,,,,,,,,,,,,,,,,,,,,,,,,,,,,,,,,,,,,,,,,,,,,,,,,,,,,,,,,,,,,,,,,,,,,,,,,0,,2015,2021,2000,2022,37.5,30.9,72.9,1,,51,42,,1,0,0,0,0,0,0,,,,,2,,,,42,51,,NR,0,0,0,0,1,0,,4,,3,,3,,0,0,1,,,,1,1,1,2,1,1,2,2,1,0,0,1,1,0,0,0,0,1,,"effective sample size pas donne??;",2
45,,,0,MD,"Procalcitonin for selecting the antibiotic regimen in outpatients with low-risk community-acquired pneumonia using a rapid point-of-care testing: A single-arm clinical trial",2017,0,0,spain,spain,0,"PloS One",1932-6203,NR,1,0,0,0,0,10.1371/journal.pone.0175634,"A EXCLURE: intervention (algo)  (controle issu d'une etude prospective)",2,2,,,0,0,0,0,0,,0,0,0,0,0,,0,0,0,1,1,0,"low risk community acquired pneumonia",,,,1,0,0,0,0,,NCT02600806,,,,1,1,0,0,0,0,0,,,0,0,0,0,0,0,0,,,,,,0,,,,,,,,,,,,,,,,,,,,,,,,,,,,,,,,,,,,,,,,,,,,0,0,0,0,,,,,,,,,,,,0,0,0,0,,0,0,0,0,,0,0,0,,,,,0,0,0,0,0,,,,,,,0,0,0,0,0,0,0,,,0,0,0,0,,0,0,0,0,0,0,0,0,0,0,,,0,,,,,,,,,,,,,,,,,,,,,,,,,,,,,,,,,,,,,,,,,,,,,,,,,,,,,,,,,,,,,,,,,,,,,,,,,
46,,,2,MD,"Survival in primary pulmonary hypertension with long-term continuous intravenous prostacyclin",1994,0,0,usa,usa,2,"Annals of Internal Medicine",0003-4819,NR,0,1,0,0,0,10.7326/0003-4819-121-6-199409150-00003,,2,1,5,"survivors of source study",0,0,0,0,0,,0,0,0,1,0,,0,0,0,0,0,1,"primary pulmonary hypertension",BB01,prostacyclin,"B01AC09 ",0,0,0,1,0,,,,,,NR,2,0,0,0,0,0,,1,0,1,0,0,0,0,0,,3,,0,"extension of source study all survivors could enter the study extension;",2,,,,,,,,,,,,,,,,,,,,,,,,,,,,,,,,,,,,,,4,,2,0,N/A,3,1,0,1,0,3,,,,,,,1,5,,NR,0,0,1,0,,0,0,1,0,,0,1,0,,,,,0,0,0,0,0,,,,,,,0,0,0,0,0,1,0,,,0,0,1,0,,0,0,0,0,0,1,0,0,0,0,,"vars pr la stratification == vars ajustement?",2,,,,,,,,,,,,,,,,,,,,,,,,,,,,,,,,,,,,,,,,,,,,,,,,,,,,,,,,,,,,,,,,,,,,,,,,,
46,control_arm,1,,,,,,,,,,,,,,,,,,,,,,,,,,,,,,,,,,,,,,,,,,,,,,,,,,,,,,,,,,,,,,,,,,,,,,,,,,,,,,1,0,3,1,0,0,0,0,0,0,,NR,3,,,1,0,5,0,0,0,0,0,0,,2,,0,1,0,0,,3,,0,"IPD ou agrege??;",2,,,,,,,,,,,,,,,,,,,,,,,,,,,,,,,,,,,,,,,,,,,,,,,,,,,,,,,,,,,,,,,,,,,,,,,,,,,,,,,,,,,,,,,,,,,,,,,,,,,,,,,,,,,,,,,,,,,,,,,,,,,,,,,,,,,,,,,,,,,,,,,,,,,,,
46,results,1,,,,,,,,,,,,,,,,,,,,,,,,,,,,,,,,,,,,,,,,,,,,,,,,,,,,,,,,,,,,,,,,,,,,,,,,,,,,,,,,,,,,,,,,,,,,,,,,,,,,,,,,,,,,,,,,,,,,,,,,,,,,,,,,,,,,,,,,,,,,,,,,,,,,,,,,,,,,,,,,,,,,,,,,,,,,,,,,,,,,,,,,,,,,,,,0,,NR,NR,NR,NR,NR,NR,NR,1,,18,31,,0,0,0,0,0,1,0,,18,31,,4,,,,,,,NR,0,0,0,0,1,0,,,,3,,3,,0,0,1,,,,1,1,3,2,1,3,2,,0,0,0,0,0,0,0,0,0,0,,,2
47,,,0,MD,"Immunogenicity and tolerability of an investigational formulation of interferon-beta1a: 24- and 48-week interim analyses of a 2-year, single-arm, historically controlled, phase IIIb study in adults with multiple sclerosis",2007,1,0,uk,switzerland,2,"Clinical Therapeutics",0149-2918,"Merck Serono International S.A",0,1,0,0,0,10.1016/j.clinthera.2007.06.002,"A EXCLURE: bras controle issu d'un RCT",2,2,,,0,0,0,0,0,,0,0,1,0,0,,0,0,0,0,0,0,"multiple sclerosis",,"interferon beta1a",,1,1,0,0,0,,NCT00110396,2004-003799-13,,,47,1,0,0,0,0,0,,,0,0,0,0,0,0,0,,,,,,0,,,,,,,,,,,,,,,,,,,,,,,,,,,,,,,,,,,,,,,,,,,,0,0,0,0,,,,,,,,,,,,0,0,0,0,,0,0,0,0,,0,0,0,,,,,0,0,0,0,0,,,,,,,0,0,0,0,0,0,0,,,0,0,0,0,,0,0,0,0,0,0,0,0,0,0,,,0,,,,,,,,,,,,,,,,,,,,,,,,,,,,,,,,,,,,,,,,,,,,,,,,,,,,,,,,,,,,,,,,,,,,,,,,,
48,,,0,MD,"Preliminary Prospective Study to Assess the Effect of Early Blood Urea Nitrogen/Creatinine Ratio-Based Hydration Therapy on Poststroke Infection Rate and Length of Stay in Acute Ischemic Stroke",2015,,,,,,"Journal of Stroke and Cerebrovascular Diseases: The Official Journal of National Stroke Association",1532-8511,,0,0,0,0,0,10.1016/j.jstrokecerebrovasdis.2015.08.002,"A EXCLURE: intervention (hydratation)   groupe controle pas issu de RWD",0,,,,0,0,0,0,0,,0,0,0,0,0,,0,0,0,0,0,0,,,,,0,0,0,0,0,,,,,,,,0,0,0,0,0,,,0,0,0,0,0,0,0,,,,,,0,,,,,,,,,,,,,,,,,,,,,,,,,,,,,,,,,,,,,,,,,,,,0,0,0,0,,,,,,,,,,,,0,0,0,0,,0,0,0,0,,0,0,0,,,,,0,0,0,0,0,,,,,,,0,0,0,0,0,0,0,,,0,0,0,0,,0,0,0,0,0,0,0,0,0,0,,,0,,,,,,,,,,,,,,,,,,,,,,,,,,,,,,,,,,,,,,,,,,,,,,,,,,,,,,,,,,,,,,,,,,,,,,,,,
49,,,0,,"Multicenter phase II study of a combination of cyclosporine a, methotrexate and mycophenolate mofetil for GVHD prophylaxis: results of the Chinese Bone Marrow Transplant Cooperative Group (CBMTCG)",2014,,,,,,"Journal of Hematology & Oncology",1756-8722,,0,0,0,0,0,10.1186/s13045-014-0059-3,"A EXCLURE: controle agrege",0,,,,0,0,0,0,0,,0,0,0,0,0,,0,0,0,0,0,0,,,,,0,0,0,0,0,,,,,,,,0,0,0,0,0,,,0,0,0,0,0,0,0,,,,,,0,,,,,,,,,,,,,,,,,,,,,,,,,,,,,,,,,,,,,,,,,,,,0,0,0,0,,,,,,,,,,,,0,0,0,0,,0,0,0,0,,0,0,0,,,,,0,0,0,0,0,,,,,,,0,0,0,0,0,0,0,,,0,0,0,0,,0,0,0,0,0,0,0,0,0,0,,,0,,,,,,,,,,,,,,,,,,,,,,,,,,,,,,,,,,,,,,,,,,,,,,,,,,,,,,,,,,,,,,,,,,,,,,,,,
50,,,2,MD,"Blinatumomab compared with standard of care for the treatment of adult patients with relapsed/refractory Philadelphia chromosome-positive B-precursor acute lymphoblastic leukemia",2020,1,0,italy,italy,1,Cancer,1097-0142,amgen,0,1,0,0,0,10.1002/cncr.32558,,2,1,1,,0,0,0,0,0,,0,1,0,0,0,,0,0,0,1,1,0,"Relapsed Refractory Philadelphia Chromosome-Positive B Precursor Acute Lymphoblastic Leukemia",2B33.3,blinatumomab,L01FX07,1,0,0,0,0,,NCT02000427,,,,19,1,1,0,0,0,0,,,0,0,0,0,0,0,0,,3,,1,,2,,,,,,,,,,,,,,,,,,,,,,,,,,,,,,,,,,,,,,1,,2,0,N/A,,1,0,0,0,1,,NR,0.65,NR,NR,0,1,2,,7,0,0,1,0,,0,0,1,0,,0,1,0,,,,,0,0,0,0,0,,,,1,,0,0,1,0,0,0,0,0,,0.2,0,1,0,0,,1,0,0,0,1,0,0,0,0,0,,"6 ou 7 variables adj ?? ""age at diagnosis and ttt"";  other adjustment method stabilized IPTW;",2,,,,,,,,,,,,,,,,,,,,,,,,,,,,,,,,,,,,,,,,,,,,,,,,,,,,,,,,,,,,,,,,,,,,,,,,,
50,control_arm,1,,,,,,,,,,,,,,,,,,,,,,,,,,,,,,,,,,,,,,,,,,,,,,,,,,,,,,,,,,,,,,,,,,,,,,,,,,,,,,1,0,2,0,0,1,0,0,0,0,,5,2,1,,1,1,1,0,0,0,0,0,0,,2,,0,1,0,0,,7,,0,,2,,,,,,,,,,,,,,,,,,,,,,,,,,,,,,,,,,,,,,,,,,,,,,,,,,,,,,,,,,,,,,,,,,,,,,,,,,,,,,,,,,,,,,,,,,,,,,,,,,,,,,,,,,,,,,,,,,,,,,,,,,,,,,,,,,,,,,,,,,,,,,,,,,,,,
50,results,1,,,,,,,,,,,,,,,,,,,,,,,,,,,,,,,,,,,,,,,,,,,,,,,,,,,,,,,,,,,,,,,,,,,,,,,,,,,,,,,,,,,,,,,,,,,,,,,,,,,,,,,,,,,,,,,,,,,,,,,,,,,,,,,,,,,,,,,,,,,,,,,,,,,,,,,,,,,,,,,,,,,,,,,,,,,,,,,,,,,,,,,,,,,,,,,1,1,2014,2015,2017,2018,NR,NR,NR,1,,45,55,,1,1,0,0,1,0,0,,,,,4,,,,100.2,99.4,,7,0,0,0,1,0,0,,4,,1,1,2,,0,1,0,2,,1,1,1,3,2,1,3,2,2,1,1,0,1,0,0,0,0,0,1,,"overlap not achieved according to meh;",2
51,,,2,MD,"Adult height in children with idiopathic short stature treated with growth hormone",2000,0,0,spain,spain,2,"Journal of pediatric endocrinology & metabolism: JPEM",0334-018X,NR,0,0,0,1,0,10.1515/jpem.2000.13.9.1595,"pas de definition claire d'outcome",2,2,,,0,0,0,0,0,,0,0,0,1,0,,0,1,0,0,0,0,"idiopathic short stature",5B11,"growth hormone",H01AC01,0,0,0,1,0,,,,,,NR,1,0,0,0,1,0,,,0,0,0,0,0,0,0,,3,,1,,2,,,,,,,,,,,,,,,,,,,,,,,,,,,,,,,,,,,,,,4,,3,,N/A,,0,0,0,1,3,,,,,,,1,5,,NR,0,0,1,0,,0,0,0,1,"data analysis",0,1,0,,,,,0,0,0,0,0,,,,,,,0,0,0,0,0,1,0,,,0,0,1,0,,0,0,0,0,0,1,0,0,0,0,,"pas de definition d'outcome mais mod regression avec adult height en y;  stepwise regression pr selection covs;",2,,,,,,,,,,,,,,,,,,,,,,,,,,,,,,,,,,,,,,,,,,,,,,,,,,,,,,,,,,,,,,,,,,,,,,,,,
51,control_arm,1,,,,,,,,,,,,,,,,,,,,,,,,,,,,,,,,,,,,,,,,,,,,,,,,,,,,,,,,,,,,,,,,,,,,,,,,,,,,,,1,0,3,0,0,1,0,0,0,0,,1,1,1,,1,1,1,0,0,0,0,0,0,,2,,0,1,0,0,,3,,1,"pas de ttt;",2,,,,,,,,,,,,,,,,,,,,,,,,,,,,,,,,,,,,,,,,,,,,,,,,,,,,,,,,,,,,,,,,,,,,,,,,,,,,,,,,,,,,,,,,,,,,,,,,,,,,,,,,,,,,,,,,,,,,,,,,,,,,,,,,,,,,,,,,,,,,,,,,,,,,,
51,results,1,,,,,,,,,,,,,,,,,,,,,,,,,,,,,,,,,,,,,,,,,,,,,,,,,,,,,,,,,,,,,,,,,,,,,,,,,,,,,,,,,,,,,,,,,,,,,,,,,,,,,,,,,,,,,,,,,,,,,,,,,,,,,,,,,,,,,,,,,,,,,,,,,,,,,,,,,,,,,,,,,,,,,,,,,,,,,,,,,,,,,,,,,,,,,,,0,,1986,1991,1981,1986,NR,NR,NR,1,,35,42,,1,0,0,0,1,0,0,,35,42,,4,,,,,,,NR,0,0,0,0,1,0,,,,3,,3,,0,0,1,,,,1,3,,,3,,,,0,0,0,0,0,0,0,0,0,0,,"bias: inherent to the use of historical data tends to amplify the difference between two groups;",2
52,,,0,MD,"A phase III study to access the safety and efficacy of prolgolimab 250 mg fixed dose administered every 3 weeks versus prolgolimab 1 mg/kg every 2 weeks in patients with metastatic melanoma (FLAT)",2024,1,0,russia,russia,1,"Frontiers in Oncology",2234-943X,"jsc biocad",0,1,0,0,0,10.3389/fonc.2024.1385685,"A EXCLURE: bras controle issu essai clinique phase II/III",2,,,,0,0,0,0,0,,0,0,0,0,0,,0,0,0,0,0,0,,,,,0,0,0,0,0,,,,,,,,0,0,0,0,0,,,0,0,0,0,0,0,0,,,,,"non inferiority",0,,,,,,,,,,,,,,,,,,,,,,,,,,,,,,,,,,,,,,,,,,,,0,0,0,0,,,,,,,,,,,,0,0,0,0,,0,0,0,0,,0,0,0,,,,,0,0,0,0,0,,,,,,,0,0,0,0,0,0,0,,,0,0,0,0,,0,0,0,0,0,0,0,0,0,0,,,0,,,,,,,,,,,,,,,,,,,,,,,,,,,,,,,,,,,,,,,,,,,,,,,,,,,,,,,,,,,,,,,,,,,,,,,,,
53,,,2,MD,"Efficacy of caspofungin as salvage therapy for invasive aspergillosis compared to standard therapy in a historical cohort",2010,1,0,usa,usa,1,"European Journal of Clinical Microbiology & Infectious Diseases: Official Publication of the European Society of Clinical Microbiology",1435-4373,"merck & co",0,1,0,0,0,10.1007/s10096-010-1013-0,,2,2,,,0,0,0,0,0,,0,0,0,1,0,,0,0,0,0,0,1,"invasive aspergillosis",1F20.0,caspofungin,J02AX04,0,0,0,1,0,,,,,,NR,1,0,0,0,1,0,,,0,0,0,0,0,0,0,,3,,0,multicenter,2,,,,,,,,,,,,,,,,,,,,,,,,,,,,,,,,,,,,,,4,,3,,N/A,,0,0,0,1,3,,,,,,,1,5,,NR,0,0,1,0,,0,0,1,0,,0,1,0,,,,,0,0,0,0,0,,,,,,,0,0,0,0,0,1,0,,,0,0,1,0,,0,0,0,0,0,1,0,0,0,0,,,2,,,,,,,,,,,,,,,,,,,,,,,,,,,,,,,,,,,,,,,,,,,,,,,,,,,,,,,,,,,,,,,,,,,,,,,,,
53,control_arm,1,,,,,,,,,,,,,,,,,,,,,,,,,,,,,,,,,,,,,,,,,,,,,,,,,,,,,,,,,,,,,,,,,,,,,,,,,,,,,,1,0,1,0,0,1,0,0,0,0,,10,2,1,,1,0,2,0,0,0,0,1,0,,2,,0,1,0,0,,3,,1,"chart review == EHR;  4 sites in common;",2,,,,,,,,,,,,,,,,,,,,,,,,,,,,,,,,,,,,,,,,,,,,,,,,,,,,,,,,,,,,,,,,,,,,,,,,,,,,,,,,,,,,,,,,,,,,,,,,,,,,,,,,,,,,,,,,,,,,,,,,,,,,,,,,,,,,,,,,,,,,,,,,,,,,,
53,results,1,,,,,,,,,,,,,,,,,,,,,,,,,,,,,,,,,,,,,,,,,,,,,,,,,,,,,,,,,,,,,,,,,,,,,,,,,,,,,,,,,,,,,,,,,,,,,,,,,,,,,,,,,,,,,,,,,,,,,,,,,,,,,,,,,,,,,,,,,,,,,,,,,,,,,,,,,,,,,,,,,,,,,,,,,,,,,,,,,,,,,,,,,,,,,,,0,,1998,2000,1995,1998,NR,NR,NR,1,,90,216,,1,0,0,0,0,0,0,,83,214,,1,,,,,,,NR,0,0,0,0,1,0,,,,3,,3,,0,0,1,,,,1,3,,,3,,,,1,1,0,0,0,1,0,0,0,0,"patients from different timeline","pas de comparaison stat formelle;  on ne sait pas que sont les endpoints;  bias variables manquantes;",2
54,,,2,MD,"Therapeutic effects and mechanisms of Ku-Gan formula on atopic dermatitis: A pilot clinical study and modular pharmacology analysis with animal validation",2023,0,0,china,china,0,"Journal of Ethnopharmacology",1872-7573,NR,1,0,0,0,0,10.1016/j.jep.2023.116194,,2,2,,,0,0,0,0,0,,0,0,0,0,1,"pilot study",0,0,0,1,1,0,"atopic dermatitis",EA8Z,"Ku Gan formula",,0,0,0,1,0,,,,,,1,1,0,0,0,1,0,,,0,0,0,0,0,0,0,,3,,1,,2,,,,,,,,,,,,,,,,,,,,,,,,,,,,,,,,,,,,,,4,,2,0,"change from baseline to end of 2d week in easi score",,0,0,1,0,3,,,,,,,1,1,,3,0,0,1,0,,0,0,1,0,,0,1,0,,1:2,3,,0,0,0,1,0,,NR,3,,,,0,0,0,0,0,1,0,,,0,0,1,0,,0,0,0,0,0,1,0,0,0,0,,,2,,,,,,,,,,,,,,,,,,,,,,,,,,,,,,,,,,,,,,,,,,,,,,,,,,,,,,,,,,,,,,,,,,,,,,,,,
54,control_arm,1,,,,,,,,,,,,,,,,,,,,,,,,,,,,,,,,,,,,,,,,,,,,,,,,,,,,,,,,,,,,,,,,,,,,,,,,,,,,,,1,0,1,0,0,1,0,0,0,0,,1,1,1,,1,1,5,0,0,0,0,0,0,,2,,0,1,0,0,,3,,1,"pas dit mais EHR probablement",2,,,,,,,,,,,,,,,,,,,,,,,,,,,,,,,,,,,,,,,,,,,,,,,,,,,,,,,,,,,,,,,,,,,,,,,,,,,,,,,,,,,,,,,,,,,,,,,,,,,,,,,,,,,,,,,,,,,,,,,,,,,,,,,,,,,,,,,,,,,,,,,,,,,,,
54,results,1,,,,,,,,,,,,,,,,,,,,,,,,,,,,,,,,,,,,,,,,,,,,,,,,,,,,,,,,,,,,,,,,,,,,,,,,,,,,,,,,,,,,,,,,,,,,,,,,,,,,,,,,,,,,,,,,,,,,,,,,,,,,,,,,,,,,,,,,,,,,,,,,,,,,,,,,,,,,,,,,,,,,,,,,,,,,,,,,,,,,,,,,,,,,,,,1,2,2021,2022,2020,2021,NR,NR,NR,1,,11,22,,1,0,0,0,1,0,0,,,,,4,11,22,,,,,3,0,0,0,1,0,0,,,,1,1,3,,1,0,0,,,,1,3,,,3,,,,0,0,0,0,0,0,0,0,0,0,,"pas de test formel pour tester les outcomes donc impossible de conclure pr significativite",2
55,,,2,MD,"Can daclizumab reduce acute rejection and improve long-term renal function in tacrolimus-based primary renal transplant recipients?",2008,0,0,"hong kong","hong kong",2,"Nephrology (Carlton, Vic.)",1440-1797,NR,0,0,0,1,0,10.1111/j.1440-1797.2007.00911.x,,2,2,,,0,0,0,0,0,,0,0,0,1,0,,0,0,0,0,0,1,"renal transplant recipient",QB63.0,daclizumab,L04AC01,0,0,0,1,0,,,,,,1,1,0,0,0,1,0,,,0,0,0,0,0,0,0,,3,,1,"induction therapy;  add on;  QB63.0 ""presence of kidney transplant"";",2,,,,,,,,,,,,,,,,,,,,,,,,,,,,,,,,,,,,,,4,,2,0,"incidence of acute rejection",,1,0,1,0,3,,,,,,,1,5,,NR,0,0,1,0,,0,0,1,0,,0,1,0,,,,,0,0,0,0,0,,,,,,,0,0,0,0,0,1,0,,,0,0,1,0,,0,0,0,0,0,1,0,0,0,0,,,2,,,,,,,,,,,,,,,,,,,,,,,,,,,,,,,,,,,,,,,,,,,,,,,,,,,,,,,,,,,,,,,,,,,,,,,,,
55,control_arm,1,,,,,,,,,,,,,,,,,,,,,,,,,,,,,,,,,,,,,,,,,,,,,,,,,,,,,,,,,,,,,,,,,,,,,,,,,,,,,,1,0,3,0,0,1,0,0,0,0,,1,1,1,,1,1,5,0,0,0,0,0,0,,2,,0,1,0,0,,3,,1,"on déduit que meme centre;",2,,,,,,,,,,,,,,,,,,,,,,,,,,,,,,,,,,,,,,,,,,,,,,,,,,,,,,,,,,,,,,,,,,,,,,,,,,,,,,,,,,,,,,,,,,,,,,,,,,,,,,,,,,,,,,,,,,,,,,,,,,,,,,,,,,,,,,,,,,,,,,,,,,,,,
55,results,1,,,,,,,,,,,,,,,,,,,,,,,,,,,,,,,,,,,,,,,,,,,,,,,,,,,,,,,,,,,,,,,,,,,,,,,,,,,,,,,,,,,,,,,,,,,,,,,,,,,,,,,,,,,,,,,,,,,,,,,,,,,,,,,,,,,,,,,,,,,,,,,,,,,,,,,,,,,,,,,,,,,,,,,,,,,,,,,,,,,,,,,,,,,,,,,0,,2001,2006,1998,2000,NR,56,85,1,,36,21,,1,0,0,0,1,0,0,,36,21,,4,,,,,,,NR,0,0,0,1,0,0,,,,3,,3,,0,0,1,,,,1,2,,,2,,,,1,0,0,1,0,0,0,0,0,1,,"limits: small sample size ",2
56,,,2,MD,"The Effect of Supplementary Omegaven® on the Clinical Outcome of Patients With Advanced Esophagogastric Adenocarcinoma Receiving Palliative Epirubicin, Oxaliplatin, and Capecitabine Chemotherapy: A Phase II clinical trial",2019,0,0,uk,uk,1,"Anticancer Research",1791-7530,NR,0,0,0,1,0,10.21873/anticanres.13185,,2,2,,,0,0,0,0,0,,0,1,0,0,1,pilot,0,0,0,1,0,0,"advanced esophago gastric cancer",2B71,"omega 3 fish oil",C10AX,0,0,0,1,0,,,,,,NR,1,0,0,0,1,0,,,0,0,0,0,0,0,0,,3,,1,"add on;",2,,,,,,,,,,,,,,,,,,,,,,,,,,,,,,,,,,,,,,4,,2,0,N/A,,1,0,0,0,2,,,,,,,1,5,,NR,0,0,1,0,,0,0,1,0,,0,1,0,,,,,0,0,0,0,0,,,,,,,0,0,0,0,0,1,0,,,0,0,1,0,,0,0,0,0,0,1,0,0,0,0,,,2,,,,,,,,,,,,,,,,,,,,,,,,,,,,,,,,,,,,,,,,,,,,,,,,,,,,,,,,,,,,,,,,,,,,,,,,,
56,control_arm,1,,,,,,,,,,,,,,,,,,,,,,,,,,,,,,,,,,,,,,,,,,,,,,,,,,,,,,,,,,,,,,,,,,,,,,,,,,,,,,1,0,1,0,0,1,0,0,0,0,,NR,3,1,,1,1,5,0,0,0,0,0,0,,2,,0,1,0,0,,3,,1,,2,,,,,,,,,,,,,,,,,,,,,,,,,,,,,,,,,,,,,,,,,,,,,,,,,,,,,,,,,,,,,,,,,,,,,,,,,,,,,,,,,,,,,,,,,,,,,,,,,,,,,,,,,,,,,,,,,,,,,,,,,,,,,,,,,,,,,,,,,,,,,,,,,,,,,
56,results,1,,,,,,,,,,,,,,,,,,,,,,,,,,,,,,,,,,,,,,,,,,,,,,,,,,,,,,,,,,,,,,,,,,,,,,,,,,,,,,,,,,,,,,,,,,,,,,,,,,,,,,,,,,,,,,,,,,,,,,,,,,,,,,,,,,,,,,,,,,,,,,,,,,,,,,,,,,,,,,,,,,,,,,,,,,,,,,,,,,,,,,,,,,,,,,,0,,2012,2013,2010,2011,NR,NR,NR,1,,21,37,,1,0,0,0,1,0,0,,20,37,,4,,,,,,,NR,0,0,0,0,1,0,,,,3,,3,,0,0,1,,,,1,1,,2,1,,2,,1,0,0,1,0,0,0,0,0,0,,"small sample size+ no rando+ hist group",2
57,,,2,MD,"Evidence that treatment with vaccinia melanoma cell lysates (VMCL) may improve survival of patients with stage II melanoma. Treatment of stage II melanoma with viral lysates",1987,0,0,australia,australia,2,"Cancer immunology, immunotherapy: CII",0340-7004,NR,0,1,0,0,0,10.1007/BF00199156,"A EXCLURE?? design (hist control source inconnue + concurrent control??)",2,2,,,0,0,0,0,0,,0,1,0,0,0,,0,0,0,1,1,0,"metastatic melanoma",2C30.Z,"vaccinia induced melanoma cell lysates",L03AX12,0,0,0,1,0,,,,,,2,1,0,0,0,1,0,,,0,0,0,0,0,0,0,,4,"date of diagnosis",1,,2,,,,,,,,,,,,,,,,,,,,,,,,,,,,,,,,,,,,,,4,,1,,"overall survival",,1,0,0,0,3,,,,,,,1,5,,NR,0,0,1,0,,0,0,1,0,,0,1,0,,,,,0,0,0,0,0,,,,,,,0,0,0,0,0,1,0,,,0,0,1,0,,0,0,0,0,0,1,0,0,0,0,,,2,,,,,,,,,,,,,,,,,,,,,,,,,,,,,,,,,,,,,,,,,,,,,,,,,,,,,,,,,,,,,,,,,,,,,,,,,
57,control_arm,1,,,,,,,,,,,,,,,,,,,,,,,,,,,,,,,,,,,,,,,,,,,,,,,,,,,,,,,,,,,,,,,,,,,,,,,,,,,,,,2,0,1,0,0,1,0,0,0,0,,1,1,1,,1,1,4,0,0,0,0,0,0,,2,,0,1,0,0,,3,,0,,2,,,,,,,,,,,,,,,,,,,,,,,,,,,,,,,,,,,,,,,,,,,,,,,,,,,,,,,,,,,,,,,,,,,,,,,,,,,,,,,,,,,,,,,,,,,,,,,,,,,,,,,,,,,,,,,,,,,,,,,,,,,,,,,,,,,,,,,,,,,,,,,,,,,,,
57,results,1,,,,,,,,,,,,,,,,,,,,,,,,,,,,,,,,,,,,,,,,,,,,,,,,,,,,,,,,,,,,,,,,,,,,,,,,,,,,,,,,,,,,,,,,,,,,,,,,,,,,,,,,,,,,,,,,,,,,,,,,,,,,,,,,,,,,,,,,,,,,,,,,,,,,,,,,,,,,,,,,,,,,,,,,,,,,,,,,,,,,,,,,,,,,,,,0,,1982,1985,1978,1981,NR,NR,NR,1,,80,151,,1,0,0,0,0,0,0,,80,151,,4,,,,,,,NR,0,0,0,0,1,0,,,,3,,3,,0,0,1,,,,1,1,1,,1,1,,,1,0,0,0,0,1,0,0,0,0,"worse prognosis of historical patients","no outcome defined;  vrai biais: moins bon pronostic des hist controls",2
58,,,0,MD,"Active immunotherapy with viral lysates of micrometastases following surgical removal of high risk melanoma",1992,0,0,australia,,,"World Journal of Surgery",0364-2313,,0,1,0,0,0,10.1007/BF02071529,"single author;  A EXCLURE: control arm issu essai phase II",0,,,,0,0,0,0,0,,0,0,0,0,0,,0,0,0,0,0,0,,,,,0,0,0,0,0,,,,,,,,0,0,0,0,0,,,0,0,0,0,0,0,0,,,,,,0,,,,,,,,,,,,,,,,,,,,,,,,,,,,,,,,,,,,,,,,,,,,0,0,0,0,,,,,,,,,,,,0,0,0,0,,0,0,0,0,,0,0,0,,,,,0,0,0,0,0,,,,,,,0,0,0,0,0,0,0,,,0,0,0,0,,0,0,0,0,0,0,0,0,0,0,,,0,,,,,,,,,,,,,,,,,,,,,,,,,,,,,,,,,,,,,,,,,,,,,,,,,,,,,,,,,,,,,,,,,,,,,,,,,
59,,,0,MD,"Phase III trial of 8% vaginal progesterone gel for luteal phase support in Japanese women undergoing in vitro fertilization and fresh embryo transfer cycles",2017,1,0,japan,japan,1,"Reproductive Medicine and Biology",1445-5781,"Merck KGaA",0,1,0,0,0,10.1002/rmb2.12009,"A EXCLURE: control agg",2,2,,,0,0,0,0,0,,0,0,1,0,0,,0,0,0,0,0,0,"luteal phase support in in vitro fertilization and embryo transfer",,"vaginal progesteron",,0,0,0,0,0,,,,,,,,0,0,0,0,0,,,0,0,0,0,0,0,0,,,,,,0,,,,,,,,,,,,,,,,,,,,,,,,,,,,,,,,,,,,,,,,,,,,0,0,0,0,,,,,,,,,,,,0,0,0,0,,0,0,0,0,,0,0,0,,,,,0,0,0,0,0,,,,,,,0,0,0,0,0,0,0,,,0,0,0,0,,0,0,0,0,0,0,0,0,0,0,,,0,,,,,,,,,,,,,,,,,,,,,,,,,,,,,,,,,,,,,,,,,,,,,,,,,,,,,,,,,,,,,,,,,,,,,,,,,
60,,,2,MD,"C1 Inhibitor in Acute Antibody-Mediated Rejection Nonresponsive to Conventional Therapy in Kidney Transplant Recipients: A Pilot Study",2016,0,0,france,france,0,"American Journal of Transplantation: Official Journal of the American Society of Transplantation and the American Society of Transplant Surgeons",1600-6143,NR,0,0,0,1,0,10.1111/ajt.13663,,2,2,,,0,0,0,0,0,,0,0,0,0,1,"pilot study",0,0,0,1,0,0,"antibody mediated rejection in kidney transplant",NE84,"C1 inhibitors",B06AA,0,0,0,1,0,,,,,,1,1,0,0,0,1,0,,,0,0,0,0,0,0,0,,3,,1,,2,,,,,,,,,,,,,,,,,,,,,,,,,,,,,,,,,,,,,,4,,1,,"mean eGFR",,0,0,1,0,3,,,,,,,0,,,,0,0,0,0,,0,0,0,0,,0,0,0,,,,,0,0,0,0,0,,,,,,,0,0,0,0,0,0,0,,,0,0,0,0,,0,0,0,0,0,1,0,0,0,0,,"no regression analysis;  un seul prim outcome pr comparaison entre les 2 groupes reste des outcomes == comparaison intra individuelles;",2,,,,,,,,,,,,,,,,,,,,,,,,,,,,,,,,,,,,,,,,,,,,,,,,,,,,,,,,,,,,,,,,,,,,,,,,,
60,control_arm,1,,,,,,,,,,,,,,,,,,,,,,,,,,,,,,,,,,,,,,,,,,,,,,,,,,,,,,,,,,,,,,,,,,,,,,,,,,,,,,1,0,1,0,0,1,0,0,0,0,,8,2,1,,1,1,1,0,0,0,0,0,0,,2,,0,1,0,0,,3,,1,"DIVAT database",2,,,,,,,,,,,,,,,,,,,,,,,,,,,,,,,,,,,,,,,,,,,,,,,,,,,,,,,,,,,,,,,,,,,,,,,,,,,,,,,,,,,,,,,,,,,,,,,,,,,,,,,,,,,,,,,,,,,,,,,,,,,,,,,,,,,,,,,,,,,,,,,,,,,,,
60,results,1,,,,,,,,,,,,,,,,,,,,,,,,,,,,,,,,,,,,,,,,,,,,,,,,,,,,,,,,,,,,,,,,,,,,,,,,,,,,,,,,,,,,,,,,,,,,,,,,,,,,,,,,,,,,,,,,,,,,,,,,,,,,,,,,,,,,,,,,,,,,,,,,,,,,,,,,,,,,,,,,,,,,,,,,,,,,,,,,,,,,,,,,,,,,,,,0,,2013,2014,2008,2013,NR,NR,NR,1,,6,21,,1,0,0,0,1,0,0,,6,21,,,,,,,,,,0,0,0,0,0,0,,,,,,,,0,0,0,,,,,2,,,2,,,,0,0,0,0,0,0,0,0,0,0,,"biais lies a absence de rando",2
61,,,2,MD,"Treatment with lenalidomide does not appear to increase the risk of progression in lower risk myelodysplastic syndromes with 5q deletion. A comparative analysis by the Groupe Francophone des Myelodysplasies",2012,2,2,france,france,2,Haematologica,1592-8721,NR,1,1,0,0,0,10.3324/haematol.2011.045914,"bras controle issu de plusieurs RCT;  pas d'affiliation et pas de disclosure;  ""health french agency and groupe franco des myelodysplasies"" == sponsor?;",2,1,4,,0,0,0,0,0,,0,0,0,1,0,,0,0,0,0,0,1,"myelodysplastic syndromes",2A3Z,lenalidomide,L04AX04,0,0,0,1,0,,,,,,35,3,0,0,0,0,0,,,0,0,0,0,0,0,0,,3,,1,,2,,,,,,,,,,,,,,,,,,,,,,,,,,,,,,,,,,,,,,4,,2,0,"cumulative incidence of aml and overall survival",3,1,0,0,0,3,,,,,,,1,1,,7,0,0,1,0,,0,0,1,0,,0,1,0,,NR,3,,0,0,0,1,0,,0.2,3,,,,0,0,0,0,1,0,0,,,0,0,1,0,,0,0,0,0,0,1,0,0,0,0,,,2,,,,,,,,,,,,,,,,,,,,,,,,,,,,,,,,,,,,,,,,,,,,,,,,,,,,,,,,,,,,,,,,,,,,,,,,,
61,control_arm,1,,,,,,,,,,,,,,,,,,,,,,,,,,,,,,,,,,,,,,,,,,,,,,,,,,,,,,,,,,,,,,,,,,,,,,,,,,,,,,1,1,2,1,0,0,0,0,0,0,,NR,2,1,,1,1,5,0,0,0,0,0,0,,2,,0,1,0,0,,3,,1,,2,,,,,,,,,,,,,,,,,,,,,,,,,,,,,,,,,,,,,,,,,,,,,,,,,,,,,,,,,,,,,,,,,,,,,,,,,,,,,,,,,,,,,,,,,,,,,,,,,,,,,,,,,,,,,,,,,,,,,,,,,,,,,,,,,,,,,,,,,,,,,,,,,,,,,
61,results,1,,,,,,,,,,,,,,,,,,,,,,,,,,,,,,,,,,,,,,,,,,,,,,,,,,,,,,,,,,,,,,,,,,,,,,,,,,,,,,,,,,,,,,,,,,,,,,,,,,,,,,,,,,,,,,,,,,,,,,,,,,,,,,,,,,,,,,,,,,,,,,,,,,,,,,,,,,,,,,,,,,,,,,,,,,,,,,,,,,,,,,,,,,,,,,,1,1,2007,2007,1998,2006,NR,48,78,1,,95,99,,1,0,0,0,1,0,0,,,,,4,71,71,,,,,NR,0,0,0,0,1,0,,,,1,1,3,,1,0,0,,,,1,2,,,2,,,,0,0,0,0,0,0,0,0,0,0,,,2
62,,,2,MD,"Stimulation of adrenergic activity by desipramine enhances hematopoietic stem and progenitor cell mobilization along with G-CSF in multiple myeloma: A pilot study",2017,0,0,usa,usa,2,"American Journal of Hematology",1096-8652,"Albert Einstein College of Medicine",0,0,0,1,0,10.1002/ajh.24843,,2,2,,,0,0,0,0,0,,0,0,0,0,1,"pilot study",0,0,0,1,1,0,"multiple myeloma",2A83.Y,desipramine,N06AA01,1,0,0,0,0,,NCT01899326,,,,1,1,0,0,0,1,0,,,0,0,0,0,0,0,0,,3,,0,"add on",2,,,,,,,,,,,,,,,,,,,,,,,,,,,,,,,,,,,,,,4,,2,0,safety,,1,0,1,0,1,,0.05,NR,20,NR,0,1,1,,1,0,0,1,0,,0,0,1,0,,0,1,0,,NR,4,,0,0,0,1,0,,NR,3,,,,0,0,0,0,0,1,0,,,0,0,1,0,,0,0,0,0,0,1,0,0,0,0,,"age matched;  autre cdjp ==  efficacy of stem cells mobilization",2,,,,,,,,,,,,,,,,,,,,,,,,,,,,,,,,,,,,,,,,,,,,,,,,,,,,,,,,,,,,,,,,,,,,,,,,,
62,control_arm,1,,,,,,,,,,,,,,,,,,,,,,,,,,,,,,,,,,,,,,,,,,,,,,,,,,,,,,,,,,,,,,,,,,,,,,,,,,,,,,1,0,3,0,0,1,0,0,0,0,,1,1,1,,1,1,1,0,0,0,0,0,0,,2,,0,1,0,0,,3,,1,"on comprend en lisant que meme centre que exp",2,,,,,,,,,,,,,,,,,,,,,,,,,,,,,,,,,,,,,,,,,,,,,,,,,,,,,,,,,,,,,,,,,,,,,,,,,,,,,,,,,,,,,,,,,,,,,,,,,,,,,,,,,,,,,,,,,,,,,,,,,,,,,,,,,,,,,,,,,,,,,,,,,,,,,
62,results,1,,,,,,,,,,,,,,,,,,,,,,,,,,,,,,,,,,,,,,,,,,,,,,,,,,,,,,,,,,,,,,,,,,,,,,,,,,,,,,,,,,,,,,,,,,,,,,,,,,,,,,,,,,,,,,,,,,,,,,,,,,,,,,,,,,,,,,,,,,,,,,,,,,,,,,,,,,,,,,,,,,,,,,,,,,,,,,,,,,,,,,,,,,,,,,,1,2,2013,2014,2011,2012,NR,NR,NR,1,,10,13,,1,0,0,0,1,0,0,,,,,4,6,13,,,,,NR,0,0,0,1,0,0,,,,3,,3,,0,0,1,,,,1,3,,,3,,,,0,0,0,0,0,0,0,0,0,0,,"study stopped due to low accrual;  exploratory study no formal comparison;",2
63,,,0,MD,"Phase 2 Trial of Veliparib, Local Irradiation and Temozolomide in Patients with Newly Diagnosed High-Grade Glioma: A Children's Oncology Group Study",2024,0,0,usa,usa,1,Neuro-Oncology,1523-5866,NR,1,1,0,0,0,10.1093/neuonc/noae247,"A EXCLURE: controle issu de 2 RCT",2,2,,,0,0,0,0,0,,0,1,0,0,0,,0,1,1,0,0,0,"high grade glioma",,veliparib,,1,0,0,0,0,,NCT03581292,,,,,,0,0,0,0,0,,,0,0,0,0,0,0,0,,,,,"add on;  multicenter",0,,,,,,,,,,,,,,,,,,,,,,,,,,,,,,,,,,,,,,,,,,,,0,0,0,0,,,,,,,,,,,,0,0,0,0,,0,0,0,0,,0,0,0,,,,,0,0,0,0,0,,,,,,,0,0,0,0,0,0,0,,,0,0,0,0,,0,0,0,0,0,0,0,0,0,0,,,0,,,,,,,,,,,,,,,,,,,,,,,,,,,,,,,,,,,,,,,,,,,,,,,,,,,,,,,,,,,,,,,,,,,,,,,,,
64,,,2,MD,"Efficacy and tolerability of bevacizumab in patients with severe Covid-19",2021,0,0,china,sweden,0,"Nature Communications",2041-1723,"Qilu Hospital of Shandong University",1,0,0,0,0,10.1038/s41467-021-21085-8,,2,2,,,0,0,0,0,0,,0,0,0,1,0,,0,0,0,1,1,0,"covid 19",RA01.0,"bevacizumab ","L01FG01 ",1,0,0,0,0,,NCT04275414,,,,2,1,0,0,0,1,0,,,0,0,0,0,0,0,0,,2,,1,,2,,,,,,,,,,,,,,,,,,,,,,,,,,,,,,,,,,,,,,4,,2,0,"change of pao2 fio2 at days 1 and 7",,0,0,1,0,2,,,,,,,0,,,,0,0,0,0,,0,0,0,0,,0,0,0,,,,,0,0,0,0,0,,,,,,,0,0,0,0,0,0,0,,,0,0,0,0,,0,0,0,0,0,1,0,0,0,0,,"pas de regression",2,,,,,,,,,,,,,,,,,,,,,,,,,,,,,,,,,,,,,,,,,,,,,,,,,,,,,,,,,,,,,,,,,,,,,,,,,
64,control_arm,1,,,,,,,,,,,,,,,,,,,,,,,,,,,,,,,,,,,,,,,,,,,,,,,,,,,,,,,,,,,,,,,,,,,,,,,,,,,,,,1,0,2,0,0,1,0,0,0,0,,2,1,1,,1,1,1,0,0,0,0,0,0,,2,,0,0,0,1,external,3,,1,"source NR but within hospital data;  differents SOC entre les 2 sites;",2,,,,,,,,,,,,,,,,,,,,,,,,,,,,,,,,,,,,,,,,,,,,,,,,,,,,,,,,,,,,,,,,,,,,,,,,,,,,,,,,,,,,,,,,,,,,,,,,,,,,,,,,,,,,,,,,,,,,,,,,,,,,,,,,,,,,,,,,,,,,,,,,,,,,,
64,results,1,,,,,,,,,,,,,,,,,,,,,,,,,,,,,,,,,,,,,,,,,,,,,,,,,,,,,,,,,,,,,,,,,,,,,,,,,,,,,,,,,,,,,,,,,,,,,,,,,,,,,,,,,,,,,,,,,,,,,,,,,,,,,,,,,,,,,,,,,,,,,,,,,,,,,,,,,,,,,,,,,,,,,,,,,,,,,,,,,,,,,,,,,,,,,,,0,,2020,2020,2020,2020,NR,NR,NR,1,,27,26,,1,0,0,0,1,0,0,,26,26,,,,,,,,,,0,0,0,0,0,0,,,,,,,,0,0,0,,,,,3,,,3,,,,1,0,0,1,0,1,0,0,0,1,"short term follow up","enrollment exp arm: Fe to Apr ctrl Fe to Ma;  the authors note sign differences in bmi at baseline and yet no action is taken;  differences in outcome at baseline nani;  analyses en sous groupes non prevues;  biais du au design non rando et mauvaise comparbilite des groupes a baseline;",2
65,,,2,MD,"Treatment with recombinant human granulocyte colony-stimulating factor after chemotherapy for acute myeloid leukemia",1996,0,0,japan,japan,2,"Current Therapeutic Research",0011393X,NR,0,0,0,1,0,10.1016/S0011-393X(96)80034-8,,2,2,,,0,0,0,0,0,,0,0,0,1,0,,0,0,0,1,1,0,"acute myeloid leukemia",2A60,"recombinant human granulocyte colony stimulating factor","L03AA ",0,0,0,1,0,,,,,,1,1,0,1,0,0,0,,,0,0,0,0,0,0,0,,3,,1,,2,,,,,,,,,,,,,,,,,,,,,,,,,,,,,,,,,,,,,,4,,2,0,N/A,,0,0,1,0,3,,,,,,,0,,,,0,0,0,0,,0,0,0,0,,0,0,0,,,,,0,0,0,0,0,,,,,,,0,0,0,0,0,0,0,,,0,0,0,0,,0,0,0,0,0,1,0,0,0,0,,,2,,,,,,,,,,,,,,,,,,,,,,,,,,,,,,,,,,,,,,,,,,,,,,,,,,,,,,,,,,,,,,,,,,,,,,,,,
65,control_arm,1,,,,,,,,,,,,,,,,,,,,,,,,,,,,,,,,,,,,,,,,,,,,,,,,,,,,,,,,,,,,,,,,,,,,,,,,,,,,,,1,0,3,0,0,1,0,0,0,0,,1,1,1,,1,1,1,0,0,0,0,0,0,,2,,0,1,0,0,,3,,0,,2,,,,,,,,,,,,,,,,,,,,,,,,,,,,,,,,,,,,,,,,,,,,,,,,,,,,,,,,,,,,,,,,,,,,,,,,,,,,,,,,,,,,,,,,,,,,,,,,,,,,,,,,,,,,,,,,,,,,,,,,,,,,,,,,,,,,,,,,,,,,,,,,,,,,,
65,results,1,,,,,,,,,,,,,,,,,,,,,,,,,,,,,,,,,,,,,,,,,,,,,,,,,,,,,,,,,,,,,,,,,,,,,,,,,,,,,,,,,,,,,,,,,,,,,,,,,,,,,,,,,,,,,,,,,,,,,,,,,,,,,,,,,,,,,,,,,,,,,,,,,,,,,,,,,,,,,,,,,,,,,,,,,,,,,,,,,,,,,,,,,,,,,,,0,,1993,1993,1991,1991,NR,NR,NR,1,,26,30,,0,0,0,0,0,1,0,,26,30,,,,,,,,,,0,0,0,0,0,0,,,,,,,,0,0,0,,,,,3,,,3,,,,0,0,0,0,0,0,0,0,0,0,,"entol exp et ctrl arm Jan to Dec;  no clear primary endpoint;  au moins un outcome significatif;",2
66,,,2,MD,"Safety of inhaled nitric oxide after lung transplantation",2003,0,0,usa,usa,2,"The Journal of Heart and Lung Transplantation",10532498,NR,1,0,0,0,1,10.1016/S1053-2498(02)00809-4,,2,2,,,0,0,0,0,0,,0,0,0,1,0,,0,0,0,0,0,1,"lung transplantation",QB63.2,"inhaled nitric oxide","R07AX01 ",0,0,0,1,0,,,,,,NR,1,0,0,0,1,0,,,0,0,0,0,0,0,0,,3,,1,,2,,,,,,,,,,,,,,,,,,,,,,,,,,,,,,,,,,,,,,4,,2,0,N/A,,1,0,0,0,3,,,,,,,1,1,,3,0,0,1,0,,0,0,1,0,,0,1,0,,NR,4,,0,0,0,1,0,,NR,3,,,,0,0,0,0,0,1,0,,,0,0,1,0,,0,0,0,0,0,1,0,0,0,0,,,2,,,,,,,,,,,,,,,,,,,,,,,,,,,,,,,,,,,,,,,,,,,,,,,,,,,,,,,,,,,,,,,,,,,,,,,,,
66,control_arm,1,,,,,,,,,,,,,,,,,,,,,,,,,,,,,,,,,,,,,,,,,,,,,,,,,,,,,,,,,,,,,,,,,,,,,,,,,,,,,,1,0,3,0,0,0,0,0,1,0,,NR,3,1,,1,1,5,0,0,0,0,0,0,,2,,0,1,0,0,,3,,1,,2,,,,,,,,,,,,,,,,,,,,,,,,,,,,,,,,,,,,,,,,,,,,,,,,,,,,,,,,,,,,,,,,,,,,,,,,,,,,,,,,,,,,,,,,,,,,,,,,,,,,,,,,,,,,,,,,,,,,,,,,,,,,,,,,,,,,,,,,,,,,,,,,,,,,,
66,results,1,,,,,,,,,,,,,,,,,,,,,,,,,,,,,,,,,,,,,,,,,,,,,,,,,,,,,,,,,,,,,,,,,,,,,,,,,,,,,,,,,,,,,,,,,,,,,,,,,,,,,,,,,,,,,,,,,,,,,,,,,,,,,,,,,,,,,,,,,,,,,,,,,,,,,,,,,,,,,,,,,,,,,,,,,,,,,,,,,,,,,,,,,,,,,,,1,1,1996,1998,1994,1995,NR,NR,NR,1,,14,22,,1,0,0,0,1,0,0,,,,,4,14,22,,,,,NR,0,0,0,0,1,0,,,,3,,3,,0,0,1,,,,1,1,3,2,1,3,2,,1,0,0,1,0,1,0,0,0,0,"worse prognostic of control patients; different follow up time","bias improvement in graft care compared to historical control",2
67,,,2,MD,"Outcomes for Dostarlimab and Real-World Treatments in Post-platinum Patients With Advanced/Recurrent Endometrial Cancer: The GARNET Trial Versus a US Electronic Health Record-Based External Control Arm",2023,1,1,uk,uk,2,"Journal of Health Economics and Outcomes Research",23272236,GSK,0,1,0,0,0,10.36469/jheor.2023.77484,,2,1,3,,0,0,0,0,1,"safety population",1,0,0,0,0,,0,0,0,1,1,0,"endometrial cancer",2C76,dostarlimab,L01FF07,1,0,0,0,0,,NCT02715284,,,,NR,1,0,0,0,1,0,,,0,0,0,0,0,0,0,,2,,1,"og study GARNET cohort A1;  9 participating countries;",2,,,,,,,,,,,,,,,,,,,,,,,,,,,,,,,,,,,,,,4,,2,0,"overall survival",3,1,0,0,0,3,,,,,,,1,2,,4,1,0,0,0,,1,1,0,0,,0,1,0,,,,,0,0,0,0,0,,,,1,,1,0,0,0,0,0,1,0,,,0,0,1,0,,1,0,0,0,0,0,0,0,0,0,,"sens an == PSM;  identifient 7 vars prognostiques mais n'en utilisent que 4;",2,,,,,,,,,,,,,,,,,,,,,,,,,,,,,,,,,,,,,,,,,,,,,,,,,,,,,,,,,,,,,,,,,,,,,,,,,
67,control_arm,1,,,,,,,,,,,,,,,,,,,,,,,,,,,,,,,,,,,,,,,,,,,,,,,,,,,,,,,,,,,,,,,,,,,,,,,,,,,,,,1,0,1,0,0,1,0,0,0,0,,280,2,1,,1,1,1,0,0,0,0,0,0,,1,1,1,0,0,0,,6,,1,flatiron,2,,,,,,,,,,,,,,,,,,,,,,,,,,,,,,,,,,,,,,,,,,,,,,,,,,,,,,,,,,,,,,,,,,,,,,,,,,,,,,,,,,,,,,,,,,,,,,,,,,,,,,,,,,,,,,,,,,,,,,,,,,,,,,,,,,,,,,,,,,,,,,,,,,,,,
67,results,1,,,,,,,,,,,,,,,,,,,,,,,,,,,,,,,,,,,,,,,,,,,,,,,,,,,,,,,,,,,,,,,,,,,,,,,,,,,,,,,,,,,,,,,,,,,,,,,,,,,,,,,,,,,,,,,,,,,,,,,,,,,,,,,,,,,,,,,,,,,,,,,,,,,,,,,,,,,,,,,,,,,,,,,,,,,,,,,,,,,,,,,,,,,,,,,1,1,2017,2021,2013,2018,NR,NR,NR,1,,147,185,,1,1,0,0,1,0,0,,,,,2,,,,143,185,,4,0,0,0,1,0,0,,4,,2,,3,,1,0,0,,,,1,1,1,4,1,1,4,3,1,1,0,0,1,1,0,0,0,1,"data used for billing instead of medical care; difference in follow up time","os immature pr exp arm pre et post adj;  PSM significatif en faveur exp arm;  biais: claims data not designed for medical research, missing variables etc",2
68,,,0,MD,"Evaluation of the Prognostic Impact of SP263-Evaluated PD-L1 Expression in Patients with Stage III Non-Small Cell Lung Cancer (NSLC) Treated with  Radio-Chemotherapy.",2024,0,0,germany,germany,0,Biomedicines,2227-9059,NR,0,0,1,0,0,10.3390/biomedicines12030688,"A VIRER? comparaison expression genetique et non intervention?",2,1,4,,0,0,0,0,0,,0,0,1,0,0,,0,0,0,1,1,0,"advanced non small cell lung cancer",2C25.Y,,,1,0,0,0,0,,NCT02125461,,,,236,2,0,0,0,0,0,,1,1,0,0,0,0,0,0,,3,,0,,0,,,,,,,,,,,,,,,,,,,,,,,,,,,,,,,,,,,,,,,,2,0,"progression free survival; overall survival",,1,0,0,0,,,,,,,,,,,,0,0,0,0,,0,0,0,0,,0,0,0,,,,,0,0,0,0,0,,,,,,,0,0,0,0,0,0,0,,,0,0,0,0,,0,0,0,0,0,0,0,0,0,0,,,0,,,,,,,,,,,,,,,,,,,,,,,,,,,,,,,,,,,,,,,,,,,,,,,,,,,,,,,,,,,,,,,,,,,,,,,,,
68,control_arm,1,,,,,,,,,,,,,,,,,,,,,,,,,,,,,,,,,,,,,,,,,,,,,,,,,,,,,,,,,,,,,,,,,,,,,,,,,,,,,,1,0,1,0,0,0,0,0,0,0,,1,,1,,1,1,1,0,0,0,0,0,0,,,,1,0,0,0,,,,,,0,,,,,,,,,,,,,,,,,,,,,,,,,,,,,,,,,,,,,,,,,,,,,,,,,,,,,,,,,,,,,,,,,,,,,,,,,,,,,,,,,,,,,,,,,,,,,,,,,,,,,,,,,,,,,,,,,,,,,,,,,,,,,,,,,,,,,,,,,,,,,,,,,,,,,
68,results,1,,,,,,,,,,,,,,,,,,,,,,,,,,,,,,,,,,,,,,,,,,,,,,,,,,,,,,,,,,,,,,,,,,,,,,,,,,,,,,,,,,,,,,,,,,,,,,,,,,,,,,,,,,,,,,,,,,,,,,,,,,,,,,,,,,,,,,,,,,,,,,,,,,,,,,,,,,,,,,,,,,,,,,,,,,,,,,,,,,,,,,,,,,,,,,,,,,,2011,2018,,,,,,,,,0,0,0,0,0,0,0,,,,,,,,,,,,,0,0,0,0,0,0,,,,,,,,0,0,0,,,,,,,,,,,,,0,0,0,0,0,0,0,0,0,,,0
69,,,2,MD,"Comparative effectiveness of ciltacabtagene autoleucel in CARTITUDE-1 versus physician's choice of therapy in the Flatiron Health multiple myeloma cohort  registry for the treatment of patients with relapsed or refractory multiple  myeloma.",2022,1,1,usa,usa,1,EJHaem,2688-6146,janssen,0,1,0,0,0,10.1002/jha2.312,,2,1,3,,1,0,0,0,0,,1,1,0,0,0,,0,0,0,1,1,0,"multiple myeloma",2A83.Y,"ciltacabtagene autoleucel",L01XL05,1,0,0,0,0,,NCT03548207,,,,21,1,0,0,0,1,0,,,0,0,0,0,0,0,0,,2,,1,,2,,,,,,,,,,,,,,,,,,,,,,,,,,,,,,,,,,,,,,2,,2,0,N/A,3,1,0,0,0,3,,,,,,,1,2,,7,1,0,0,0,,1,1,0,0,,0,1,0,,,,,0,0,0,0,0,,,,2,,,0,1,0,0,0,0,0,,0.1,0,0,1,0,,1,1,0,0,0,0,1,1,0,0,"change in inclusion criteria for exp arm; complete case analysis for control group;","choix des vars pronostiques sert au modele d'outcome ET au modele du PS??",2,,,,,,,,,,,,,,,,,,,,,,,,,,,,,,,,,,,,,,,,,,,,,,,,,,,,,,,,,,,,,,,,,,,,,,,,,
69,control_arm,1,,,,,,,,,,,,,,,,,,,,,,,,,,,,,,,,,,,,,,,,,,,,,,,,,,,,,,,,,,,,,,,,,,,,,,,,,,,,,,1,0,1,1,0,1,0,0,0,0,,280,2,1,,2,1,2,0,0,0,0,0,1,"key eligibility criteria",1,0,1,0,0,0,,6,,0,"flatiron;  Single arm design of source study;  index date:47 days after initiating relevant therapies to avoid survivorship bias;  hernan LOT method;",2,,,,,,,,,,,,,,,,,,,,,,,,,,,,,,,,,,,,,,,,,,,,,,,,,,,,,,,,,,,,,,,,,,,,,,,,,,,,,,,,,,,,,,,,,,,,,,,,,,,,,,,,,,,,,,,,,,,,,,,,,,,,,,,,,,,,,,,,,,,,,,,,,,,,,
69,results,1,,,,,,,,,,,,,,,,,,,,,,,,,,,,,,,,,,,,,,,,,,,,,,,,,,,,,,,,,,,,,,,,,,,,,,,,,,,,,,,,,,,,,,,,,,,,,,,,,,,,,,,,,,,,,,,,,,,,,,,,,,,,,,,,,,,,,,,,,,,,,,,,,,,,,,,,,,,,,,,,,,,,,,,,,,,,,,,,,,,,,,,,,,,,,,,1,1,2018,2019,2016,2019,NR,18,21.9,1,,97,196,336,1,1,0,1,0,0,0,,,,,1,,,,97,NR,80,7,0,0,0,1,0,0,,4,,1,1,3,,1,1,0,3,,,1,1,,1,1,,1,1,1,1,0,0,1,0,0,0,0,0,,"doubly robust estimator;  bias: residual confounding due to design + missing vars in RW database + worse quality RWD",2
70,,,2,MD,"Elranatamab efficacy in MagnetisMM-3 compared with real-world control arms in triple-class refractory multiple myeloma.",2024,1,1,usa,usa,1,"Future oncology (London, England)",1744-8301,pfizer,0,1,0,0,0,10.2217/fon-2023-0995,,2,1,5,"cohort of og study",0,0,0,0,0,,0,1,0,0,0,,0,1,1,1,1,0,"multiple myeloma",2A83.Y,elranatamab,L01FX32,1,0,0,0,0,,NCT05932290,,,,NR,1,0,0,0,1,0,,,0,0,0,0,0,0,0,,2,,1,"MagnetisMM-3;  multiple countries but no number of sites provided;",2,,,,,,,,,,,,,,,,,,,,,,,,,,,,,,,,,,,,,,4,,2,0,N/A,3,1,0,0,0,3,,,,,,,1,2,,19,1,0,0,1,"related to treatment assignment",1,1,0,0,,0,0,1,"availability in rwd cohorts",,,,0,0,0,0,0,,,,1,,1,0,1,0,0,0,0,0,,0.2,0,0,1,0,,1,0,0,1,0,0,0,0,0,0,,,2,,,,,,,,,,,,,,,,,,,,,,,,,,,,,,,,,,,,,,,,,,,,,,,,,,,,,,,,,,,,,,,,,,,,,,,,,
70,control_arm,1,,,,,,,,,,,,,,,,,,,,,,,,,,,,,,,,,,,,,,,,,,,,,,,,,,,,,,,,,,,,,,,,,,,,,,,,,,,,,,2,0,1,0,0,1,0,0,0,0,,200,2,1,,1,1,1,0,0,0,0,0,0,,1,1,1,0,0,0,,5,,0,"og design == SAT;  COTA;",2,,,,,,,,,,,,,,,,,,,,,,,,,,,,,,,,,,,,,,,,,,,,,,,,,,,,,,,,,,,,,,,,,,,,,,,,,,,,,,,,,,,,,,,,,,,,,,,,,,,,,,,,,,,,,,,,,,,,,,,,,,,,,,,,,,,,,,,,,,,,,,,,,,,,,
70,control_arm,2,,,,,,,,,,,,,,,,,,,,,,,,,,,,,,,,,,,,,,,,,,,,,,,,,,,,,,,,,,,,,,,,,,,,,,,,,,,,,,2,0,1,0,0,1,0,0,0,0,,280,2,1,,1,1,1,0,0,0,0,0,0,,1,1,1,0,0,0,,5,,0,flatiron,2,,,,,,,,,,,,,,,,,,,,,,,,,,,,,,,,,,,,,,,,,,,,,,,,,,,,,,,,,,,,,,,,,,,,,,,,,,,,,,,,,,,,,,,,,,,,,,,,,,,,,,,,,,,,,,,,,,,,,,,,,,,,,,,,,,,,,,,,,,,,,,,,,,,,,
70,results,1,,,,,,,,,,,,,,,,,,,,,,,,,,,,,,,,,,,,,,,,,,,,,,,,,,,,,,,,,,,,,,,,,,,,,,,,,,,,,,,,,,,,,,,,,,,,,,,,,,,,,,,,,,,,,,,,,,,,,,,,,,,,,,,,,,,,,,,,,,,,,,,,,,,,,,,,,,,,,,,,,,,,,,,,,,,,,,,,,,,,,,,,,,,,,,,1,1,2021,2023,2015,2022,NR,15,NR,1,,123,239,,1,1,0,0,1,0,0,,,,,2,,,,113,253.2,,19,0,0,0,1,0,0,,4,,2,,3,,1,0,0,3,,,1,1,,1,1,,1,1,1,0,1,0,1,1,0,0,0,1,"different enrollment period","COTA;  bias: balance non atteinte risque danalyse naive + unmeasured and residual confounding due to nature of design;",2
70,results,2,,,,,,,,,,,,,,,,,,,,,,,,,,,,,,,,,,,,,,,,,,,,,,,,,,,,,,,,,,,,,,,,,,,,,,,,,,,,,,,,,,,,,,,,,,,,,,,,,,,,,,,,,,,,,,,,,,,,,,,,,,,,,,,,,,,,,,,,,,,,,,,,,,,,,,,,,,,,,,,,,,,,,,,,,,,,,,,,,,,,,,,,,,,,,,,1,1,2021,2023,2015,2021,NR,15,NR,1,,123,152,,1,1,0,0,1,0,0,,,,,2,,,,108.9,150.6,,19,0,0,0,1,0,0,,4,,2,,3,,1,0,0,3,,,1,1,,1,1,,1,1,1,0,1,0,1,1,0,0,0,1,"different enrollment period","flatiron;  bias: balance non atteinte risque danalyse naive + unmeasured and residual confounding due to nature of design;",2
71,,,2,MD,"Real-world survival outcomes of heavily pretreated patients with refractory HR+, HER2-metastatic breast cancer receiving single-agent chemotherapy-a comparison  with MONARCH 1.",2020,1,1,usa,usa,1,"Breast cancer research and treatment",1573-7217,"eli lilly",0,1,0,0,0,10.1007/s10549-020-05838-5,,2,1,4,,0,0,0,0,0,,0,1,0,0,0,,0,0,0,1,1,0,"HR+ HER2− metastatic breast cancer",2C6Z,abemaciclib,L01EF03,1,0,0,0,0,,NCT02102490,,,,36,1,0,0,0,1,0,,,0,0,0,0,0,0,0,,3,,1,"MONARCH 1;  pas de date index pour bras exp",2,,,,,,,,,,,,,,,,,,,,,,,,,,,,,,,,,,,,,,4,,2,0,"overall survival",,1,0,0,0,3,,,,,,,1,1,,6,0,0,1,0,,0,0,1,0,,0,1,0,,NR,2,,0,0,0,1,0,,NR,3,,,,0,0,0,0,0,1,0,,,0,0,1,0,,1,0,0,0,0,0,0,1,0,0,,,2,,,,,,,,,,,,,,,,,,,,,,,,,,,,,,,,,,,,,,,,,,,,,,,,,,,,,,,,,,,,,,,,,,,,,,,,,
71,control_arm,1,,,,,,,,,,,,,,,,,,,,,,,,,,,,,,,,,,,,,,,,,,,,,,,,,,,,,,,,,,,,,,,,,,,,,,,,,,,,,,1,0,1,0,0,1,0,0,0,0,,280,2,1,,2,1,2,0,0,0,0,0,1,"depend des traitements recus precedemment",1,0,1,0,0,0,,4,"contemporaneous comparison",0,"SAT design;  flatiron",2,,,,,,,,,,,,,,,,,,,,,,,,,,,,,,,,,,,,,,,,,,,,,,,,,,,,,,,,,,,,,,,,,,,,,,,,,,,,,,,,,,,,,,,,,,,,,,,,,,,,,,,,,,,,,,,,,,,,,,,,,,,,,,,,,,,,,,,,,,,,,,,,,,,,,
71,results,1,,,,,,,,,,,,,,,,,,,,,,,,,,,,,,,,,,,,,,,,,,,,,,,,,,,,,,,,,,,,,,,,,,,,,,,,,,,,,,,,,,,,,,,,,,,,,,,,,,,,,,,,,,,,,,,,,,,,,,,,,,,,,,,,,,,,,,,,,,,,,,,,,,,,,,,,,,,,,,,,,,,,,,,,,,,,,,,,,,,,,,,,,,,,,,,0,,NR,NR,2011,2018,NR,NR,NR,1,,132,281,NR,1,0,0,0,1,0,0,,,,,4,108,108,NR,,,,6,0,0,0,1,0,0,,,,1,1,3,,1,0,0,,,,1,1,1,2,1,1,2,2,1,1,1,0,0,1,0,0,0,0,"different timeline between groups; different countries","bias: unmeasured confounders + incomplete RWD data + selection bias + contemporaneity + different countries",2
